Timestamp,User Count,Type,Name,Requests/s,Failures/s,50%,66%,75%,80%,90%,95%,98%,99%,99.9%,99.99%,100%,Total Request Count,Total Failure Count,Total Median Response Time,Total Average Response Time,Total Min Response Time,Total Max Response Time,Total Average Content Size
1615956386,0,,Aggregated,0.000000,0.000000,N/A,N/A,N/A,N/A,N/A,N/A,N/A,N/A,N/A,N/A,N/A,0,0,0,0,0,0,0
1615956387,1,custom_protocol_boto3,sagemaker_client_invoke_endpoint,0.000000,0.000000,10,11,11,11,11,11,11,61,61,61,61,77,0,10,11.116883116883116,10,61,7.0
1615956387,1,,Aggregated,0.000000,0.000000,10,11,11,11,11,11,11,61,61,61,61,77,0,10,11.116883116883116,10,61,7.0
1615956388,2,custom_protocol_boto3,sagemaker_client_invoke_endpoint,0.000000,0.000000,11,12,12,12,12,14,14,18,63,63,63,233,0,11,11.65236051502146,10,63,7.0
1615956388,2,,Aggregated,0.000000,0.000000,11,12,12,12,12,14,14,18,63,63,63,233,0,11,11.65236051502146,10,63,7.0
1615956389,3,custom_protocol_boto3,sagemaker_client_invoke_endpoint,10.000000,0.000000,11,12,12,12,13,14,17,21,66,66,66,466,0,11,11.834763948497853,10,66,7.0
1615956389,3,,Aggregated,10.000000,0.000000,11,12,12,12,13,14,17,21,66,66,66,466,0,11,11.834763948497853,10,66,7.0
1615956390,4,custom_protocol_boto3,sagemaker_client_invoke_endpoint,56.000000,0.000000,12,12,12,13,14,17,20,23,66,66,66,750,0,12,12.364,10,66,7.0
1615956390,4,,Aggregated,56.000000,0.000000,12,12,12,13,14,17,20,23,66,66,66,750,0,12,12.364,10,66,7.0
1615956391,5,custom_protocol_boto3,sagemaker_client_invoke_endpoint,95.333333,0.000000,12,13,13,14,15,18,20,22,66,89,89,1079,0,12,12.94253938832252,10,89,7.0
1615956391,5,,Aggregated,95.333333,0.000000,12,13,13,14,15,18,20,22,66,89,89,1079,0,12,12.94253938832252,10,89,7.0
1615956392,6,custom_protocol_boto3,sagemaker_client_invoke_endpoint,135.000000,0.000000,13,14,15,16,18,20,22,25,76,89,89,1412,0,13,13.859065155807366,10,89,7.0
1615956392,6,,Aggregated,135.000000,0.000000,13,14,15,16,18,20,22,25,76,89,89,1412,0,13,13.859065155807366,10,89,7.0
1615956393,7,custom_protocol_boto3,sagemaker_client_invoke_endpoint,166.400000,0.000000,13,16,17,18,20,21,25,28,78,89,89,1755,0,13,14.851282051282052,10,89,7.0
1615956393,7,,Aggregated,166.400000,0.000000,13,16,17,18,20,21,25,28,78,89,89,1755,0,13,14.851282051282052,10,89,7.0
1615956394,8,custom_protocol_boto3,sagemaker_client_invoke_endpoint,193.166667,0.000000,15,17,18,19,21,23,29,32,76,89,89,2103,0,15,15.88492629576795,10,89,7.0
1615956394,8,,Aggregated,193.166667,0.000000,15,17,18,19,21,23,29,32,76,89,89,2103,0,15,15.88492629576795,10,89,7.0
1615956395,9,custom_protocol_boto3,sagemaker_client_invoke_endpoint,213.142857,0.000000,16,19,20,21,23,26,30,35,89,95,95,2467,0,16,16.925415484394,10,95,7.0
1615956395,9,,Aggregated,213.142857,0.000000,16,19,20,21,23,26,30,35,89,95,95,2467,0,16,16.925415484394,10,95,7.0
1615956396,10,custom_protocol_boto3,sagemaker_client_invoke_endpoint,230.375000,0.000000,17,20,22,23,25,28,32,37,93,110,110,2824,0,17,17.99114730878187,10,108,7.0
1615956396,10,,Aggregated,230.375000,0.000000,17,20,22,23,25,28,32,37,93,110,110,2824,0,17,17.99114730878187,10,108,7.0
1615956397,11,custom_protocol_boto3,sagemaker_client_invoke_endpoint,243.000000,0.000000,18,21,23,24,27,29,33,38,93,190,190,3192,0,18,19.06171679197995,10,189,7.0
1615956397,11,,Aggregated,243.000000,0.000000,18,21,23,24,27,29,33,38,93,190,190,3192,0,18,19.06171679197995,10,189,7.0
1615956398,12,custom_protocol_boto3,sagemaker_client_invoke_endpoint,255.100000,0.000000,19,23,25,26,28,31,34,39,95,190,190,3564,0,19,19.996071829405164,10,189,7.0
1615956398,12,,Aggregated,255.100000,0.000000,19,23,25,26,28,31,34,39,95,190,190,3564,0,19,19.996071829405164,10,189,7.0
1615956399,13,custom_protocol_boto3,sagemaker_client_invoke_endpoint,289.700000,0.000000,20,24,26,27,30,32,38,43,110,1400,1400,3928,0,20,21.292515274949082,10,1356,7.0
1615956399,13,,Aggregated,289.700000,0.000000,20,24,26,27,30,32,38,43,110,1400,1400,3928,0,20,21.292515274949082,10,1356,7.0
1615956400,14,custom_protocol_boto3,sagemaker_client_invoke_endpoint,316.500000,0.000000,22,25,27,29,33,36,40,44,110,1400,1400,4304,0,22,22.444934944237918,10,1356,7.0
1615956400,14,,Aggregated,316.500000,0.000000,22,25,27,29,33,36,40,44,110,1400,1400,4304,0,22,22.444934944237918,10,1356,7.0
1615956401,15,custom_protocol_boto3,sagemaker_client_invoke_endpoint,335.400000,0.000000,23,27,29,31,36,39,43,47,110,1400,1400,4667,0,23,23.623955431754876,10,1356,7.0
1615956401,15,,Aggregated,335.400000,0.000000,23,27,29,31,36,39,43,47,110,1400,1400,4667,0,23,23.623955431754876,10,1356,7.0
1615956402,16,custom_protocol_boto3,sagemaker_client_invoke_endpoint,347.300000,0.000000,24,28,31,33,38,40,44,48,110,1400,1400,5040,0,24,24.730555555555554,10,1356,7.0
1615956402,16,,Aggregated,347.300000,0.000000,24,28,31,33,38,40,44,48,110,1400,1400,5040,0,24,24.730555555555554,10,1356,7.0
1615956403,17,custom_protocol_boto3,sagemaker_client_invoke_endpoint,354.400000,0.000000,25,29,33,36,40,43,47,51,120,1400,1400,5416,0,25,25.88423190546529,10,1356,7.0
1615956403,17,,Aggregated,354.400000,0.000000,25,29,33,36,40,43,47,51,120,1400,1400,5416,0,25,25.88423190546529,10,1356,7.0
1615956404,18,custom_protocol_boto3,sagemaker_client_invoke_endpoint,358.400000,0.000000,26,31,35,37,42,46,51,54,140,1400,1400,5785,0,26,27.107173725151252,10,1356,7.0
1615956404,18,,Aggregated,358.400000,0.000000,26,31,35,37,42,46,51,54,140,1400,1400,5785,0,26,27.107173725151252,10,1356,7.0
1615956405,19,custom_protocol_boto3,sagemaker_client_invoke_endpoint,362.200000,0.000000,26,33,37,39,44,49,54,61,140,1400,1400,6149,0,26,28.319401528703853,10,1356,7.0
1615956405,19,,Aggregated,362.200000,0.000000,26,33,37,39,44,49,54,61,140,1400,1400,6149,0,26,28.319401528703853,10,1356,7.0
1615956406,20,custom_protocol_boto3,sagemaker_client_invoke_endpoint,364.600000,0.000000,27,35,39,41,47,51,57,62,140,1400,1400,6522,0,27,29.49708678319534,10,1356,7.0
1615956406,20,,Aggregated,364.600000,0.000000,27,35,39,41,47,51,57,62,140,1400,1400,6522,0,27,29.49708678319534,10,1356,7.0
1615956407,21,custom_protocol_boto3,sagemaker_client_invoke_endpoint,367.100000,0.000000,29,36,40,43,49,54,60,65,150,1400,1400,6891,0,29,30.700769119140908,10,1356,7.0
1615956407,21,,Aggregated,367.100000,0.000000,29,36,40,43,49,54,60,65,150,1400,1400,6891,0,29,30.700769119140908,10,1356,7.0
1615956408,22,custom_protocol_boto3,sagemaker_client_invoke_endpoint,366.300000,0.000000,30,38,42,44,52,57,62,67,150,1400,1400,7261,0,30,31.841344167470044,10,1356,7.0
1615956408,22,,Aggregated,366.300000,0.000000,30,38,42,44,52,57,62,67,150,1400,1400,7261,0,30,31.841344167470044,10,1356,7.0
1615956409,23,custom_protocol_boto3,sagemaker_client_invoke_endpoint,368.100000,0.000000,31,39,43,46,54,59,66,72,150,1400,1400,7627,0,31,33.07211223285695,10,1356,7.0
1615956409,23,,Aggregated,368.100000,0.000000,31,39,43,46,54,59,66,72,150,1400,1400,7627,0,31,33.07211223285695,10,1356,7.0
1615956410,24,custom_protocol_boto3,sagemaker_client_invoke_endpoint,367.200000,0.000000,32,40,45,48,56,62,68,73,150,1400,1400,8007,0,32,34.20519545397777,10,1356,7.0
1615956410,24,,Aggregated,367.200000,0.000000,32,40,45,48,56,62,68,73,150,1400,1400,8007,0,32,34.20519545397777,10,1356,7.0
1615956411,25,custom_protocol_boto3,sagemaker_client_invoke_endpoint,367.600000,0.000000,34,42,47,50,59,65,74,83,160,1400,1400,8345,0,34,35.61126423007789,10,1356,7.0
1615956411,25,,Aggregated,367.600000,0.000000,34,42,47,50,59,65,74,83,160,1400,1400,8345,0,34,35.61126423007789,10,1356,7.0
1615956412,26,custom_protocol_boto3,sagemaker_client_invoke_endpoint,367.400000,0.000000,35,43,49,52,61,68,75,82,160,1400,1400,8725,0,35,36.78017191977077,10,1356,7.0
1615956412,26,,Aggregated,367.400000,0.000000,35,43,49,52,61,68,75,82,160,1400,1400,8725,0,35,36.78017191977077,10,1356,7.0
1615956413,27,custom_protocol_boto3,sagemaker_client_invoke_endpoint,368.700000,0.000000,36,45,51,54,63,70,76,84,160,1400,1400,9097,0,36,37.87875123667143,10,1356,7.0
1615956413,27,,Aggregated,368.700000,0.000000,36,45,51,54,63,70,76,84,160,1400,1400,9097,0,36,37.87875123667143,10,1356,7.0
1615956414,28,custom_protocol_boto3,sagemaker_client_invoke_endpoint,366.200000,0.000000,37,47,52,56,65,72,79,87,160,1400,1400,9476,0,37,39.060151962853524,10,1356,7.0
1615956414,28,,Aggregated,366.200000,0.000000,37,47,52,56,65,72,79,87,160,1400,1400,9476,0,37,39.060151962853524,10,1356,7.0
1615956415,29,custom_protocol_boto3,sagemaker_client_invoke_endpoint,366.100000,0.000000,39,48,54,58,68,74,81,88,180,1400,1400,9852,0,39,40.17336581404791,10,1356,7.0
1615956415,29,,Aggregated,366.100000,0.000000,39,48,54,58,68,74,81,88,180,1400,1400,9852,0,39,40.17336581404791,10,1356,7.0
1615956416,30,custom_protocol_boto3,sagemaker_client_invoke_endpoint,365.300000,0.000000,40,50,56,60,69,76,84,89,180,230,1400,10227,0,40,41.30918157817542,10,1356,7.0
1615956416,30,,Aggregated,365.300000,0.000000,40,50,56,60,69,76,84,89,180,230,1400,10227,0,40,41.30918157817542,10,1356,7.0
1615956417,31,custom_protocol_boto3,sagemaker_client_invoke_endpoint,366.300000,0.000000,41,51,58,61,71,78,86,92,180,240,1400,10600,0,41,42.42330188679245,10,1356,7.0
1615956417,31,,Aggregated,366.300000,0.000000,41,51,58,61,71,78,86,92,180,240,1400,10600,0,41,42.42330188679245,10,1356,7.0
1615956418,32,custom_protocol_boto3,sagemaker_client_invoke_endpoint,367.700000,0.000000,42,53,59,63,73,81,89,94,190,240,1400,10981,0,42,43.56452053547036,10,1356,7.0
1615956418,32,,Aggregated,367.700000,0.000000,42,53,59,63,73,81,89,94,190,240,1400,10981,0,42,43.56452053547036,10,1356,7.0
1615956419,33,custom_protocol_boto3,sagemaker_client_invoke_endpoint,367.400000,0.000000,43,55,61,65,75,83,91,96,190,250,1400,11357,0,43,44.6846878577089,10,1356,7.0
1615956419,33,,Aggregated,367.400000,0.000000,43,55,61,65,75,83,91,96,190,250,1400,11357,0,43,44.6846878577089,10,1356,7.0
1615956420,34,custom_protocol_boto3,sagemaker_client_invoke_endpoint,368.500000,0.000000,44,56,63,67,77,86,94,98,190,290,1400,11737,0,44,45.84570162733237,10,1356,7.0
1615956420,34,,Aggregated,368.500000,0.000000,44,56,63,67,77,86,94,98,190,290,1400,11737,0,44,45.84570162733237,10,1356,7.0
1615956421,35,custom_protocol_boto3,sagemaker_client_invoke_endpoint,369.900000,0.000000,45,57,64,68,79,88,96,100,190,340,1400,12111,0,45,46.98720171744695,10,1356,7.0
1615956421,35,,Aggregated,369.900000,0.000000,45,57,64,68,79,88,96,100,190,340,1400,12111,0,45,46.98720171744695,10,1356,7.0
1615956422,36,custom_protocol_boto3,sagemaker_client_invoke_endpoint,369.500000,0.000000,46,59,66,70,81,91,100,110,200,340,1400,12480,0,46,48.21810897435898,10,1356,7.0
1615956422,36,,Aggregated,369.500000,0.000000,46,59,66,70,81,91,100,110,200,340,1400,12480,0,46,48.21810897435898,10,1356,7.0
1615956423,37,custom_protocol_boto3,sagemaker_client_invoke_endpoint,368.700000,0.000000,48,60,67,72,83,93,100,110,200,340,1400,12859,0,48,49.34263939653161,10,1356,7.0
1615956423,37,,Aggregated,368.700000,0.000000,48,60,67,72,83,93,100,110,200,340,1400,12859,0,48,49.34263939653161,10,1356,7.0
1615956425,38,custom_protocol_boto3,sagemaker_client_invoke_endpoint,371.900000,0.000000,49,62,69,73,86,95,100,110,230,340,1400,13239,0,49,50.50343681546945,10,1356,7.0
1615956425,38,,Aggregated,371.900000,0.000000,49,62,69,73,86,95,100,110,230,340,1400,13239,0,49,50.50343681546945,10,1356,7.0
1615956426,39,custom_protocol_boto3,sagemaker_client_invoke_endpoint,370.500000,0.000000,50,63,71,75,88,97,110,110,230,340,1400,13616,0,50,51.60480317273795,10,1356,7.0
1615956426,39,,Aggregated,370.500000,0.000000,50,63,71,75,88,97,110,110,230,340,1400,13616,0,50,51.60480317273795,10,1356,7.0
1615956427,40,custom_protocol_boto3,sagemaker_client_invoke_endpoint,371.800000,0.000000,51,65,72,77,90,99,110,120,230,740,1400,13985,0,51,52.834680014301036,10,1356,7.0
1615956427,40,,Aggregated,371.800000,0.000000,51,65,72,77,90,99,110,120,230,740,1400,13985,0,51,52.834680014301036,10,1356,7.0
1615956428,41,custom_protocol_boto3,sagemaker_client_invoke_endpoint,371.800000,0.000000,52,66,74,79,92,100,110,120,230,740,1400,14357,0,52,53.9905969213624,10,1356,7.0
1615956428,41,,Aggregated,371.800000,0.000000,52,66,74,79,92,100,110,120,230,740,1400,14357,0,52,53.9905969213624,10,1356,7.0
1615956429,42,custom_protocol_boto3,sagemaker_client_invoke_endpoint,371.000000,0.000000,54,68,75,81,95,100,110,120,250,980,1400,14724,0,54,55.28504482477587,10,1356,7.0
1615956429,42,,Aggregated,371.000000,0.000000,54,68,75,81,95,100,110,120,250,980,1400,14724,0,54,55.28504482477587,10,1356,7.0
1615956430,43,custom_protocol_boto3,sagemaker_client_invoke_endpoint,372.300000,0.000000,55,69,77,83,97,110,120,120,250,1100,1400,15097,0,55,56.57653838510962,10,1356,7.0
1615956430,43,,Aggregated,372.300000,0.000000,55,69,77,83,97,110,120,120,250,1100,1400,15097,0,55,56.57653838510962,10,1356,7.0
1615956431,44,custom_protocol_boto3,sagemaker_client_invoke_endpoint,369.800000,0.000000,56,70,79,85,99,110,120,130,280,1100,1400,15477,0,56,57.80390256509659,10,1356,7.0
1615956431,44,,Aggregated,369.800000,0.000000,56,70,79,85,99,110,120,130,280,1100,1400,15477,0,56,57.80390256509659,10,1356,7.0
1615956432,45,custom_protocol_boto3,sagemaker_client_invoke_endpoint,369.100000,0.000000,57,72,81,87,100,110,120,130,300,1100,1400,15863,0,57,59.01746201853369,10,1356,7.0
1615956432,45,,Aggregated,369.100000,0.000000,57,72,81,87,100,110,120,130,300,1100,1400,15863,0,57,59.01746201853369,10,1356,7.0
1615956433,46,custom_protocol_boto3,sagemaker_client_invoke_endpoint,369.900000,0.000000,58,73,83,89,100,110,120,130,320,1100,1400,16233,0,58,60.20273516909998,10,1356,7.0
1615956433,46,,Aggregated,369.900000,0.000000,58,73,83,89,100,110,120,130,320,1100,1400,16233,0,58,60.20273516909998,10,1356,7.0
1615956434,47,custom_protocol_boto3,sagemaker_client_invoke_endpoint,369.600000,0.000000,59,75,85,91,100,120,130,130,330,1100,1400,16604,0,59,61.39297759576006,10,1356,7.0
1615956434,47,,Aggregated,369.600000,0.000000,59,75,85,91,100,120,130,130,330,1100,1400,16604,0,59,61.39297759576006,10,1356,7.0
1615956435,48,custom_protocol_boto3,sagemaker_client_invoke_endpoint,370.400000,0.000000,60,76,87,93,110,120,130,140,330,1100,1400,16982,0,60,62.593569661995055,10,1356,7.0
1615956435,48,,Aggregated,370.400000,0.000000,60,76,87,93,110,120,130,140,330,1100,1400,16982,0,60,62.593569661995055,10,1356,7.0
1615956436,49,custom_protocol_boto3,sagemaker_client_invoke_endpoint,370.600000,0.000000,62,78,89,95,110,120,130,140,330,1100,1400,17357,0,62,63.67817019070116,10,1356,7.0
1615956436,49,,Aggregated,370.600000,0.000000,62,78,89,95,110,120,130,140,330,1100,1400,17357,0,62,63.67817019070116,10,1356,7.0
1615956437,50,custom_protocol_boto3,sagemaker_client_invoke_endpoint,0.000000,0.000000,120,130,140,140,140,150,170,190,2800,2800,2800,260,0,120,131.8576923076923,78,2812,7.0
1615956437,50,,Aggregated,0.000000,0.000000,120,130,140,140,140,150,170,190,2800,2800,2800,260,0,120,131.8576923076923,78,2812,7.0
1615956438,50,custom_protocol_boto3,sagemaker_client_invoke_endpoint,0.000000,0.000000,120,130,130,140,140,150,170,180,2800,2800,2800,631,0,120,124.99683042789223,78,2812,7.0
1615956438,50,,Aggregated,0.000000,0.000000,120,130,130,140,140,150,170,180,2800,2800,2800,631,0,120,124.99683042789223,78,2812,7.0
1615956439,50,custom_protocol_boto3,sagemaker_client_invoke_endpoint,176.000000,0.000000,120,130,130,130,140,150,160,180,880,2800,2800,1011,0,120,122.81305637982196,74,2812,7.0
1615956439,50,,Aggregated,176.000000,0.000000,120,130,130,130,140,150,160,180,880,2800,2800,1011,0,120,122.81305637982196,74,2812,7.0
1615956440,50,custom_protocol_boto3,sagemaker_client_invoke_endpoint,268.000000,0.000000,120,130,130,130,140,150,160,180,880,2800,2800,1402,0,120,121.35520684736092,73,2812,7.0
1615956440,50,,Aggregated,268.000000,0.000000,120,130,130,130,140,150,160,180,880,2800,2800,1402,0,120,121.35520684736092,73,2812,7.0
1615956441,50,custom_protocol_boto3,sagemaker_client_invoke_endpoint,306.333333,0.000000,120,120,130,130,140,150,160,170,880,2800,2800,1790,0,120,120.33687150837989,73,2812,7.0
1615956441,50,,Aggregated,306.333333,0.000000,120,120,130,130,140,150,160,170,880,2800,2800,1790,0,120,120.33687150837989,73,2812,7.0
1615956442,50,custom_protocol_boto3,sagemaker_client_invoke_endpoint,323.750000,0.000000,120,120,130,130,140,150,160,170,880,2800,2800,2165,0,120,120.19722863741339,73,2812,7.0
1615956442,50,,Aggregated,323.750000,0.000000,120,120,130,130,140,150,160,170,880,2800,2800,2165,0,120,120.19722863741339,73,2812,7.0
1615956443,50,custom_protocol_boto3,sagemaker_client_invoke_endpoint,335.200000,0.000000,120,130,130,130,140,150,160,170,880,2800,2800,2537,0,120,120.52108789909342,73,2812,7.0
1615956443,50,,Aggregated,335.200000,0.000000,120,130,130,130,140,150,160,170,880,2800,2800,2537,0,120,120.52108789909342,73,2812,7.0
1615956444,50,custom_protocol_boto3,sagemaker_client_invoke_endpoint,341.333333,0.000000,120,130,130,130,140,150,160,160,1500,2800,2800,2924,0,120,120.4172366621067,73,2812,7.0
1615956444,50,,Aggregated,341.333333,0.000000,120,130,130,130,140,150,160,160,1500,2800,2800,2924,0,120,120.4172366621067,73,2812,7.0
1615956445,50,custom_protocol_boto3,sagemaker_client_invoke_endpoint,343.857143,0.000000,120,130,130,130,140,150,160,170,880,2800,2800,3297,0,120,120.34849863512284,73,2812,7.0
1615956445,50,,Aggregated,343.857143,0.000000,120,130,130,130,140,150,160,170,880,2800,2800,3297,0,120,120.34849863512284,73,2812,7.0
1615956446,50,custom_protocol_boto3,sagemaker_client_invoke_endpoint,348.500000,0.000000,120,130,130,130,140,150,160,170,880,2800,2800,3680,0,120,119.89429347826086,73,2812,7.0
1615956446,50,,Aggregated,348.500000,0.000000,120,130,130,130,140,150,160,170,880,2800,2800,3680,0,120,119.89429347826086,73,2812,7.0
1615956447,50,custom_protocol_boto3,sagemaker_client_invoke_endpoint,350.555556,0.000000,120,130,130,130,140,150,160,170,650,2800,2800,4067,0,120,119.65478239488567,73,2812,7.0
1615956447,50,,Aggregated,350.555556,0.000000,120,130,130,130,140,150,160,170,650,2800,2800,4067,0,120,119.65478239488567,73,2812,7.0
1615956448,50,custom_protocol_boto3,sagemaker_client_invoke_endpoint,352.700000,0.000000,120,120,130,130,140,150,160,160,650,2800,2800,4446,0,120,119.16666666666667,73,2812,7.0
1615956448,50,,Aggregated,352.700000,0.000000,120,120,130,130,140,150,160,160,650,2800,2800,4446,0,120,119.16666666666667,73,2812,7.0
1615956449,50,custom_protocol_boto3,sagemaker_client_invoke_endpoint,373.100000,0.000000,120,120,130,130,140,150,160,160,880,2800,2800,4838,0,120,119.21930549813973,73,2812,7.0
1615956449,50,,Aggregated,373.100000,0.000000,120,120,130,130,140,150,160,160,880,2800,2800,4838,0,120,119.21930549813973,73,2812,7.0
1615956450,50,custom_protocol_boto3,sagemaker_client_invoke_endpoint,374.600000,0.000000,120,120,130,130,140,150,160,160,650,2800,2800,5226,0,120,119.12380405663988,73,2812,7.0
1615956450,50,,Aggregated,374.600000,0.000000,120,120,130,130,140,150,160,160,650,2800,2800,5226,0,120,119.12380405663988,73,2812,7.0
1615956451,50,custom_protocol_boto3,sagemaker_client_invoke_endpoint,372.700000,0.000000,120,120,130,130,140,150,160,160,810,2800,2800,5604,0,120,119.02177016416844,73,2812,7.0
1615956451,50,,Aggregated,372.700000,0.000000,120,120,130,130,140,150,160,160,810,2800,2800,5604,0,120,119.02177016416844,73,2812,7.0
1615956452,50,custom_protocol_boto3,sagemaker_client_invoke_endpoint,373.300000,0.000000,120,130,130,130,140,150,160,170,810,2800,2800,5973,0,120,119.07065126402144,73,2812,7.0
1615956452,50,,Aggregated,373.300000,0.000000,120,130,130,130,140,150,160,170,810,2800,2800,5973,0,120,119.07065126402144,73,2812,7.0
1615956453,50,custom_protocol_boto3,sagemaker_client_invoke_endpoint,372.300000,0.000000,120,130,130,130,140,150,160,170,810,2800,2800,6349,0,120,119.08127264136084,73,2812,7.0
1615956453,50,,Aggregated,372.300000,0.000000,120,130,130,130,140,150,160,170,810,2800,2800,6349,0,120,119.08127264136084,73,2812,7.0
1615956454,50,custom_protocol_boto3,sagemaker_client_invoke_endpoint,371.600000,0.000000,120,130,130,130,140,150,160,170,810,2800,2800,6740,0,120,119.09243323442136,73,2812,7.0
1615956454,50,,Aggregated,371.600000,0.000000,120,130,130,130,140,150,160,170,810,2800,2800,6740,0,120,119.09243323442136,73,2812,7.0
1615956455,50,custom_protocol_boto3,sagemaker_client_invoke_endpoint,373.600000,0.000000,120,130,130,130,140,150,160,170,810,2800,2800,7128,0,120,119.0695847362514,73,2812,7.0
1615956455,50,,Aggregated,373.600000,0.000000,120,130,130,130,140,150,160,170,810,2800,2800,7128,0,120,119.0695847362514,73,2812,7.0
1615956456,50,custom_protocol_boto3,sagemaker_client_invoke_endpoint,372.300000,0.000000,120,130,130,130,140,150,160,160,810,2800,2800,7502,0,120,118.95161290322581,73,2812,7.0
1615956456,50,,Aggregated,372.300000,0.000000,120,130,130,130,140,150,160,160,810,2800,2800,7502,0,120,118.95161290322581,73,2812,7.0
1615956457,50,custom_protocol_boto3,sagemaker_client_invoke_endpoint,374.200000,0.000000,120,130,130,130,140,150,160,160,810,2800,2800,7886,0,120,118.74017245751965,70,2812,7.0
1615956457,50,,Aggregated,374.200000,0.000000,120,130,130,130,140,150,160,160,810,2800,2800,7886,0,120,118.74017245751965,70,2812,7.0
1615956458,50,custom_protocol_boto3,sagemaker_client_invoke_endpoint,372.900000,0.000000,120,130,130,130,140,150,160,160,680,2800,2800,8270,0,120,118.66638452237001,70,2812,7.0
1615956458,50,,Aggregated,372.900000,0.000000,120,130,130,130,140,150,160,160,680,2800,2800,8270,0,120,118.66638452237001,70,2812,7.0
1615956459,50,custom_protocol_boto3,sagemaker_client_invoke_endpoint,372.500000,0.000000,120,130,130,130,140,150,160,160,810,2800,2800,8645,0,120,118.8133024869867,70,2812,7.0
1615956459,50,,Aggregated,372.500000,0.000000,120,130,130,130,140,150,160,160,810,2800,2800,8645,0,120,118.8133024869867,70,2812,7.0
1615956460,50,custom_protocol_boto3,sagemaker_client_invoke_endpoint,372.800000,0.000000,120,130,130,130,140,150,160,160,680,2800,2800,9019,0,120,118.66359906863289,70,2812,7.0
1615956460,50,,Aggregated,372.800000,0.000000,120,130,130,130,140,150,160,160,680,2800,2800,9019,0,120,118.66359906863289,70,2812,7.0
1615956461,50,custom_protocol_boto3,sagemaker_client_invoke_endpoint,372.700000,0.000000,120,130,130,130,140,150,160,160,680,2800,2800,9394,0,120,118.51639344262296,70,2812,7.0
1615956461,50,,Aggregated,372.700000,0.000000,120,130,130,130,140,150,160,160,680,2800,2800,9394,0,120,118.51639344262296,70,2812,7.0
1615956462,50,custom_protocol_boto3,sagemaker_client_invoke_endpoint,371.500000,0.000000,120,130,130,130,140,150,160,160,680,2800,2800,9779,0,120,118.42693526945496,70,2812,7.0
1615956462,50,,Aggregated,371.500000,0.000000,120,130,130,130,140,150,160,160,680,2800,2800,9779,0,120,118.42693526945496,70,2812,7.0
1615956463,50,custom_protocol_boto3,sagemaker_client_invoke_endpoint,371.500000,0.000000,120,120,130,130,140,150,160,160,680,2800,3800,10169,0,120,118.69210345166682,70,3768,7.0
1615956463,50,,Aggregated,371.500000,0.000000,120,120,130,130,140,150,160,160,680,2800,3800,10169,0,120,118.69210345166682,70,3768,7.0
1615956464,50,custom_protocol_boto3,sagemaker_client_invoke_endpoint,373.700000,0.000000,120,120,130,130,140,150,160,160,680,2800,3800,10546,0,120,118.68300777545988,70,3768,7.0
1615956464,50,,Aggregated,373.700000,0.000000,120,120,130,130,140,150,160,160,680,2800,3800,10546,0,120,118.68300777545988,70,3768,7.0
1615956465,50,custom_protocol_boto3,sagemaker_client_invoke_endpoint,373.600000,0.000000,120,130,130,130,140,150,160,160,680,2800,3800,10915,0,120,118.66065048098946,70,3768,7.0
1615956465,50,,Aggregated,373.600000,0.000000,120,130,130,130,140,150,160,160,680,2800,3800,10915,0,120,118.66065048098946,70,3768,7.0
1615956466,50,custom_protocol_boto3,sagemaker_client_invoke_endpoint,373.100000,0.000000,120,130,130,130,140,150,160,160,680,2800,3800,11312,0,120,118.67671499292787,70,3768,7.0
1615956466,50,,Aggregated,373.100000,0.000000,120,130,130,130,140,150,160,160,680,2800,3800,11312,0,120,118.67671499292787,70,3768,7.0
1615956467,50,custom_protocol_boto3,sagemaker_client_invoke_endpoint,371.100000,0.000000,120,130,130,130,140,150,160,160,680,2800,3800,11686,0,120,118.59669690227622,70,3768,7.0
1615956467,50,,Aggregated,371.100000,0.000000,120,130,130,130,140,150,160,160,680,2800,3800,11686,0,120,118.59669690227622,70,3768,7.0
1615956468,50,custom_protocol_boto3,sagemaker_client_invoke_endpoint,371.400000,0.000000,120,130,130,130,140,150,160,160,680,2800,3800,12072,0,120,118.53976143141153,70,3768,7.0
1615956468,50,,Aggregated,371.400000,0.000000,120,130,130,130,140,150,160,160,680,2800,3800,12072,0,120,118.53976143141153,70,3768,7.0
1615956469,50,custom_protocol_boto3,sagemaker_client_invoke_endpoint,371.400000,0.000000,120,130,130,130,140,150,160,160,690,2800,3800,12458,0,120,118.5112377588698,70,3768,7.0
1615956469,50,,Aggregated,371.400000,0.000000,120,130,130,130,140,150,160,160,690,2800,3800,12458,0,120,118.5112377588698,70,3768,7.0
1615956470,50,custom_protocol_boto3,sagemaker_client_invoke_endpoint,371.700000,0.000000,120,130,130,130,140,150,160,160,690,2800,3800,12844,0,120,118.4493927125506,70,3768,7.0
1615956470,50,,Aggregated,371.700000,0.000000,120,130,130,130,140,150,160,160,690,2800,3800,12844,0,120,118.4493927125506,70,3768,7.0
1615956471,50,custom_protocol_boto3,sagemaker_client_invoke_endpoint,373.500000,0.000000,120,120,130,130,140,150,160,160,690,2800,3800,13214,0,120,118.39094899349175,62,3768,7.0
1615956471,50,,Aggregated,373.500000,0.000000,120,120,130,130,140,150,160,160,690,2800,3800,13214,0,120,118.39094899349175,62,3768,7.0
1615956472,50,custom_protocol_boto3,sagemaker_client_invoke_endpoint,374.100000,0.000000,120,130,130,130,140,150,160,170,690,2800,3800,13554,0,120,118.61516895381438,62,3768,7.0
1615956472,50,,Aggregated,374.100000,0.000000,120,130,130,130,140,150,160,170,690,2800,3800,13554,0,120,118.61516895381438,62,3768,7.0
1615956473,50,custom_protocol_boto3,sagemaker_client_invoke_endpoint,373.000000,0.000000,120,130,130,130,140,150,160,170,690,2800,3800,13920,0,120,118.93943965517241,62,3768,7.0
1615956473,50,,Aggregated,373.000000,0.000000,120,130,130,130,140,150,160,170,690,2800,3800,13920,0,120,118.93943965517241,62,3768,7.0
1615956475,50,custom_protocol_boto3,sagemaker_client_invoke_endpoint,368.200000,0.000000,120,130,130,130,140,150,160,170,690,2800,3800,14311,0,120,118.99329187338411,62,3768,7.0
1615956475,50,,Aggregated,368.200000,0.000000,120,130,130,130,140,150,160,170,690,2800,3800,14311,0,120,118.99329187338411,62,3768,7.0
1615956476,50,custom_protocol_boto3,sagemaker_client_invoke_endpoint,367.800000,0.000000,120,130,130,130,140,150,160,170,730,2800,3800,14710,0,120,118.91447994561523,62,3768,7.0
1615956476,50,,Aggregated,367.800000,0.000000,120,130,130,130,140,150,160,170,730,2800,3800,14710,0,120,118.91447994561523,62,3768,7.0
1615956477,50,custom_protocol_boto3,sagemaker_client_invoke_endpoint,368.500000,0.000000,120,130,130,130,140,150,160,170,730,2800,3800,15095,0,120,118.88512752567075,62,3768,7.0
1615956477,50,,Aggregated,368.500000,0.000000,120,130,130,130,140,150,160,170,730,2800,3800,15095,0,120,118.88512752567075,62,3768,7.0
1615956478,50,custom_protocol_boto3,sagemaker_client_invoke_endpoint,371.800000,0.000000,120,130,130,130,140,150,160,170,730,2800,3800,15476,0,120,118.76318170069786,62,3768,7.0
1615956478,50,,Aggregated,371.800000,0.000000,120,130,130,130,140,150,160,170,730,2800,3800,15476,0,120,118.76318170069786,62,3768,7.0
1615956479,50,custom_protocol_boto3,sagemaker_client_invoke_endpoint,370.300000,0.000000,120,130,130,130,140,150,160,170,770,2800,3800,15864,0,120,118.76620020171457,62,3768,7.0
1615956479,50,,Aggregated,370.300000,0.000000,120,130,130,130,140,150,160,170,770,2800,3800,15864,0,120,118.76620020171457,62,3768,7.0
1615956480,50,custom_protocol_boto3,sagemaker_client_invoke_endpoint,369.200000,0.000000,120,130,130,130,140,150,160,170,730,2800,3800,16234,0,120,118.80713317728225,62,3768,7.0
1615956480,50,,Aggregated,369.200000,0.000000,120,130,130,130,140,150,160,170,730,2800,3800,16234,0,120,118.80713317728225,62,3768,7.0
1615956481,50,custom_protocol_boto3,sagemaker_client_invoke_endpoint,370.300000,0.000000,120,130,130,130,140,150,160,170,730,2800,3800,16610,0,120,118.76821192052981,62,3768,7.0
1615956481,50,,Aggregated,370.300000,0.000000,120,130,130,130,140,150,160,170,730,2800,3800,16610,0,120,118.76821192052981,62,3768,7.0
1615956482,50,custom_protocol_boto3,sagemaker_client_invoke_endpoint,367.100000,0.000000,120,130,130,130,140,150,160,170,750,2800,3800,16994,0,120,118.76780040014123,62,3768,7.0
1615956482,50,,Aggregated,367.100000,0.000000,120,130,130,130,140,150,160,170,750,2800,3800,16994,0,120,118.76780040014123,62,3768,7.0
1615956483,50,custom_protocol_boto3,sagemaker_client_invoke_endpoint,369.600000,0.000000,120,130,130,130,140,150,160,170,730,2800,3800,17347,0,120,118.83138294806018,62,3768,7.0
1615956483,50,,Aggregated,369.600000,0.000000,120,130,130,130,140,150,160,170,730,2800,3800,17347,0,120,118.83138294806018,62,3768,7.0
1615956484,50,custom_protocol_boto3,sagemaker_client_invoke_endpoint,366.900000,0.000000,120,130,130,130,140,150,160,170,750,2800,3800,17731,0,120,118.94467317128193,62,3768,7.0
1615956484,50,,Aggregated,366.900000,0.000000,120,130,130,130,140,150,160,170,750,2800,3800,17731,0,120,118.94467317128193,62,3768,7.0
1615956485,50,custom_protocol_boto3,sagemaker_client_invoke_endpoint,369.900000,0.000000,120,130,130,130,140,150,160,170,730,2800,3800,18118,0,120,118.8721713213379,62,3768,7.0
1615956485,50,,Aggregated,369.900000,0.000000,120,130,130,130,140,150,160,170,730,2800,3800,18118,0,120,118.8721713213379,62,3768,7.0
1615956486,50,custom_protocol_boto3,sagemaker_client_invoke_endpoint,370.600000,0.000000,120,130,130,130,140,150,160,170,730,2800,3800,18499,0,120,118.81193578031245,62,3768,7.0
1615956486,50,,Aggregated,370.600000,0.000000,120,130,130,130,140,150,160,170,730,2800,3800,18499,0,120,118.81193578031245,62,3768,7.0
1615956487,50,custom_protocol_boto3,sagemaker_client_invoke_endpoint,371.500000,0.000000,120,130,130,130,140,150,160,170,750,2800,3800,18874,0,120,118.87342375755007,62,3768,7.0
1615956487,50,,Aggregated,371.500000,0.000000,120,130,130,130,140,150,160,170,750,2800,3800,18874,0,120,118.87342375755007,62,3768,7.0
1615956488,50,custom_protocol_boto3,sagemaker_client_invoke_endpoint,369.500000,0.000000,120,130,130,130,140,150,160,170,730,2800,3800,19266,0,120,118.83893906363542,62,3768,7.0
1615956488,50,,Aggregated,369.500000,0.000000,120,130,130,130,140,150,160,170,730,2800,3800,19266,0,120,118.83893906363542,62,3768,7.0
1615956489,50,custom_protocol_boto3,sagemaker_client_invoke_endpoint,369.100000,0.000000,120,130,130,130,140,150,160,170,730,2800,3800,19664,0,120,118.74008340113913,62,3768,7.0
1615956489,50,,Aggregated,369.100000,0.000000,120,130,130,130,140,150,160,170,730,2800,3800,19664,0,120,118.74008340113913,62,3768,7.0
1615956490,50,custom_protocol_boto3,sagemaker_client_invoke_endpoint,370.600000,0.000000,120,130,130,130,140,150,160,170,730,2500,3800,20056,0,120,118.76012165935381,62,3768,7.0
1615956490,50,,Aggregated,370.600000,0.000000,120,130,130,130,140,150,160,170,730,2500,3800,20056,0,120,118.76012165935381,62,3768,7.0
1615956491,50,custom_protocol_boto3,sagemaker_client_invoke_endpoint,369.000000,0.000000,120,130,130,130,140,150,160,170,730,2500,3800,20423,0,120,118.70572393869656,62,3768,7.0
1615956491,50,,Aggregated,369.000000,0.000000,120,130,130,130,140,150,160,170,730,2500,3800,20423,0,120,118.70572393869656,62,3768,7.0
1615956492,50,custom_protocol_boto3,sagemaker_client_invoke_endpoint,372.900000,0.000000,120,130,130,130,140,150,160,170,730,2500,3800,20807,0,120,118.69702503965011,62,3768,7.0
1615956492,50,,Aggregated,372.900000,0.000000,120,130,130,130,140,150,160,170,730,2500,3800,20807,0,120,118.69702503965011,62,3768,7.0
1615956493,50,custom_protocol_boto3,sagemaker_client_invoke_endpoint,371.100000,0.000000,120,130,130,130,140,150,160,170,730,2500,3800,21192,0,120,118.62608531521329,62,3768,7.0
1615956493,50,,Aggregated,371.100000,0.000000,120,130,130,130,140,150,160,170,730,2500,3800,21192,0,120,118.62608531521329,62,3768,7.0
1615956494,50,custom_protocol_boto3,sagemaker_client_invoke_endpoint,373.800000,0.000000,120,130,130,130,140,150,160,170,730,2500,3800,21554,0,120,118.75976616869258,62,3768,7.0
1615956494,50,,Aggregated,373.800000,0.000000,120,130,130,130,140,150,160,170,730,2500,3800,21554,0,120,118.75976616869258,62,3768,7.0
1615956495,50,custom_protocol_boto3,sagemaker_client_invoke_endpoint,374.700000,0.000000,120,130,130,130,140,150,160,170,730,2500,3800,21942,0,120,118.70722814693282,62,3768,7.0
1615956495,50,,Aggregated,374.700000,0.000000,120,130,130,130,140,150,160,170,730,2500,3800,21942,0,120,118.70722814693282,62,3768,7.0
1615956496,50,custom_protocol_boto3,sagemaker_client_invoke_endpoint,373.900000,0.000000,120,130,130,130,140,150,160,170,730,2500,3800,22318,0,120,118.67420915852675,62,3768,7.0
1615956496,50,,Aggregated,373.900000,0.000000,120,130,130,130,140,150,160,170,730,2500,3800,22318,0,120,118.67420915852675,62,3768,7.0
1615956497,50,custom_protocol_boto3,sagemaker_client_invoke_endpoint,372.800000,0.000000,120,130,130,130,140,150,160,170,730,2500,3800,22688,0,120,118.78640691114245,62,3768,7.0
1615956497,50,,Aggregated,372.800000,0.000000,120,130,130,130,140,150,160,170,730,2500,3800,22688,0,120,118.78640691114245,62,3768,7.0
1615956498,50,custom_protocol_boto3,sagemaker_client_invoke_endpoint,372.700000,0.000000,120,130,130,130,140,150,160,170,730,2500,3800,23076,0,120,118.79034494713122,62,3768,7.0
1615956498,50,,Aggregated,372.700000,0.000000,120,130,130,130,140,150,160,170,730,2500,3800,23076,0,120,118.79034494713122,62,3768,7.0
1615956499,50,custom_protocol_boto3,sagemaker_client_invoke_endpoint,374.700000,0.000000,120,130,130,130,140,150,160,170,730,2500,3800,23464,0,120,118.74914763041255,62,3768,7.0
1615956499,50,,Aggregated,374.700000,0.000000,120,130,130,130,140,150,160,170,730,2500,3800,23464,0,120,118.74914763041255,62,3768,7.0
1615956500,50,custom_protocol_boto3,sagemaker_client_invoke_endpoint,373.300000,0.000000,120,130,130,130,140,150,160,170,730,2500,3800,23843,0,120,118.71895315186848,62,3768,7.0
1615956500,50,,Aggregated,373.300000,0.000000,120,130,130,130,140,150,160,170,730,2500,3800,23843,0,120,118.71895315186848,62,3768,7.0
1615956501,50,custom_protocol_boto3,sagemaker_client_invoke_endpoint,373.200000,0.000000,120,130,130,130,140,150,160,170,730,2500,3800,24220,0,120,118.74921552436004,62,3768,7.0
1615956501,50,,Aggregated,373.200000,0.000000,120,130,130,130,140,150,160,170,730,2500,3800,24220,0,120,118.74921552436004,62,3768,7.0
1615956502,50,custom_protocol_boto3,sagemaker_client_invoke_endpoint,371.700000,0.000000,120,130,130,130,140,150,160,170,730,2500,3800,24613,0,120,118.70596839068784,62,3768,7.0
1615956502,50,,Aggregated,371.700000,0.000000,120,130,130,130,140,150,160,170,730,2500,3800,24613,0,120,118.70596839068784,62,3768,7.0
1615956503,50,custom_protocol_boto3,sagemaker_client_invoke_endpoint,372.900000,0.000000,120,130,130,130,140,150,160,170,730,2500,3800,24972,0,120,118.76994233541566,62,3768,7.0
1615956503,50,,Aggregated,372.900000,0.000000,120,130,130,130,140,150,160,170,730,2500,3800,24972,0,120,118.76994233541566,62,3768,7.0
1615956504,50,custom_protocol_boto3,sagemaker_client_invoke_endpoint,371.300000,0.000000,120,130,130,130,140,150,160,170,730,2500,3800,25339,0,120,118.9078100951103,62,3768,7.0
1615956504,50,,Aggregated,371.300000,0.000000,120,130,130,130,140,150,160,170,730,2500,3800,25339,0,120,118.9078100951103,62,3768,7.0
1615956505,50,custom_protocol_boto3,sagemaker_client_invoke_endpoint,370.900000,0.000000,120,130,130,130,140,150,160,170,730,2500,3800,25735,0,120,118.91548474839712,62,3768,7.0
1615956505,50,,Aggregated,370.900000,0.000000,120,130,130,130,140,150,160,170,730,2500,3800,25735,0,120,118.91548474839712,62,3768,7.0
1615956506,50,custom_protocol_boto3,sagemaker_client_invoke_endpoint,370.400000,0.000000,120,130,130,130,140,150,160,170,730,2500,3800,26105,0,120,118.88929323884314,62,3768,7.0
1615956506,50,,Aggregated,370.400000,0.000000,120,130,130,130,140,150,160,170,730,2500,3800,26105,0,120,118.88929323884314,62,3768,7.0
1615956507,50,custom_protocol_boto3,sagemaker_client_invoke_endpoint,369.800000,0.000000,120,130,130,130,140,150,160,170,730,2500,3800,26484,0,120,118.87785077782813,62,3768,7.0
1615956507,50,,Aggregated,369.800000,0.000000,120,130,130,130,140,150,160,170,730,2500,3800,26484,0,120,118.87785077782813,62,3768,7.0
1615956508,50,custom_protocol_boto3,sagemaker_client_invoke_endpoint,371.500000,0.000000,120,130,130,130,140,150,160,170,730,2500,3800,26847,0,120,118.89827541252282,62,3768,7.0
1615956508,50,,Aggregated,371.500000,0.000000,120,130,130,130,140,150,160,170,730,2500,3800,26847,0,120,118.89827541252282,62,3768,7.0
1615956509,50,custom_protocol_boto3,sagemaker_client_invoke_endpoint,371.300000,0.000000,120,130,130,130,140,150,160,170,730,2500,3800,27238,0,120,118.85039283354138,62,3768,7.0
1615956509,50,,Aggregated,371.300000,0.000000,120,130,130,130,140,150,160,170,730,2500,3800,27238,0,120,118.85039283354138,62,3768,7.0
1615956510,50,custom_protocol_boto3,sagemaker_client_invoke_endpoint,371.000000,0.000000,120,130,130,130,140,150,160,170,730,2500,3800,27619,0,120,118.84963249936638,62,3768,7.0
1615956510,50,,Aggregated,371.000000,0.000000,120,130,130,130,140,150,160,170,730,2500,3800,27619,0,120,118.84963249936638,62,3768,7.0
1615956511,50,custom_protocol_boto3,sagemaker_client_invoke_endpoint,369.200000,0.000000,120,130,130,130,140,150,160,170,730,2500,3800,27997,0,120,118.83791120477194,62,3768,7.0
1615956511,50,,Aggregated,369.200000,0.000000,120,130,130,130,140,150,160,170,730,2500,3800,27997,0,120,118.83791120477194,62,3768,7.0
1615956512,50,custom_protocol_boto3,sagemaker_client_invoke_endpoint,370.100000,0.000000,120,130,130,130,140,150,160,170,730,2500,3800,28387,0,120,118.82185507450593,62,3768,7.0
1615956512,50,,Aggregated,370.100000,0.000000,120,130,130,130,140,150,160,170,730,2500,3800,28387,0,120,118.82185507450593,62,3768,7.0
1615956513,50,custom_protocol_boto3,sagemaker_client_invoke_endpoint,369.100000,0.000000,120,130,130,130,140,150,160,170,730,2500,3800,28765,0,120,118.81341908569442,62,3768,7.0
1615956513,50,,Aggregated,369.100000,0.000000,120,130,130,130,140,150,160,170,730,2500,3800,28765,0,120,118.81341908569442,62,3768,7.0
1615956514,50,custom_protocol_boto3,sagemaker_client_invoke_endpoint,370.700000,0.000000,120,130,130,130,140,150,160,170,730,2500,3800,29145,0,120,118.78394235717963,62,3768,7.0
1615956514,50,,Aggregated,370.700000,0.000000,120,130,130,130,140,150,160,170,730,2500,3800,29145,0,120,118.78394235717963,62,3768,7.0
1615956515,50,custom_protocol_boto3,sagemaker_client_invoke_endpoint,371.800000,0.000000,120,130,130,130,140,150,160,170,730,2500,3800,29508,0,120,118.82086213908093,62,3768,7.0
1615956515,50,,Aggregated,371.800000,0.000000,120,130,130,130,140,150,160,170,730,2500,3800,29508,0,120,118.82086213908093,62,3768,7.0
1615956516,50,custom_protocol_boto3,sagemaker_client_invoke_endpoint,372.600000,0.000000,120,130,130,130,140,150,160,170,730,2500,3800,29894,0,120,118.78875359603934,62,3768,7.0
1615956516,50,,Aggregated,372.600000,0.000000,120,130,130,130,140,150,160,170,730,2500,3800,29894,0,120,118.78875359603934,62,3768,7.0
1615956517,50,custom_protocol_boto3,sagemaker_client_invoke_endpoint,374.300000,0.000000,120,130,130,130,140,150,160,170,730,2400,3800,30277,0,120,118.76860323017472,62,3768,7.0
1615956517,50,,Aggregated,374.300000,0.000000,120,130,130,130,140,150,160,170,730,2400,3800,30277,0,120,118.76860323017472,62,3768,7.0
1615956518,50,custom_protocol_boto3,sagemaker_client_invoke_endpoint,370.000000,0.000000,120,130,130,130,140,150,160,170,730,2400,3800,30649,0,120,118.76446213579563,62,3768,7.0
1615956518,50,,Aggregated,370.000000,0.000000,120,130,130,130,140,150,160,170,730,2400,3800,30649,0,120,118.76446213579563,62,3768,7.0
1615956520,50,custom_protocol_boto3,sagemaker_client_invoke_endpoint,370.800000,0.000000,120,130,130,130,140,150,160,170,730,2400,3800,31041,0,120,118.74752746367707,62,3768,7.0
1615956520,50,,Aggregated,370.800000,0.000000,120,130,130,130,140,150,160,170,730,2400,3800,31041,0,120,118.74752746367707,62,3768,7.0
1615956521,50,custom_protocol_boto3,sagemaker_client_invoke_endpoint,371.000000,0.000000,120,130,130,130,140,150,160,170,730,2400,3800,31406,0,120,118.73371330319047,62,3768,7.0
1615956521,50,,Aggregated,371.000000,0.000000,120,130,130,130,140,150,160,170,730,2400,3800,31406,0,120,118.73371330319047,62,3768,7.0
1615956522,50,custom_protocol_boto3,sagemaker_client_invoke_endpoint,373.900000,0.000000,120,130,130,130,140,150,160,170,730,2400,3800,31775,0,120,118.71389457120378,62,3768,7.0
1615956522,50,,Aggregated,373.900000,0.000000,120,130,130,130,140,150,160,170,730,2400,3800,31775,0,120,118.71389457120378,62,3768,7.0
1615956523,50,custom_protocol_boto3,sagemaker_client_invoke_endpoint,373.900000,0.000000,120,130,130,130,140,150,160,170,730,2400,3800,32145,0,120,118.77987245294759,62,3768,7.0
1615956523,50,,Aggregated,373.900000,0.000000,120,130,130,130,140,150,160,170,730,2400,3800,32145,0,120,118.77987245294759,62,3768,7.0
1615956524,50,custom_protocol_boto3,sagemaker_client_invoke_endpoint,371.400000,0.000000,120,130,130,130,140,150,160,170,730,2400,3800,32536,0,120,118.75248955003688,62,3768,7.0
1615956524,50,,Aggregated,371.400000,0.000000,120,130,130,130,140,150,160,170,730,2400,3800,32536,0,120,118.75248955003688,62,3768,7.0
1615956525,50,custom_protocol_boto3,sagemaker_client_invoke_endpoint,371.100000,0.000000,120,130,130,130,140,150,160,170,750,2400,3800,32925,0,120,118.73290812452544,62,3768,7.0
1615956525,50,,Aggregated,371.100000,0.000000,120,130,130,130,140,150,160,170,750,2400,3800,32925,0,120,118.73290812452544,62,3768,7.0
1615956526,50,custom_protocol_boto3,sagemaker_client_invoke_endpoint,372.200000,0.000000,120,130,130,130,140,150,160,170,750,2400,3800,33330,0,120,118.6944494449445,62,3768,7.0
1615956526,50,,Aggregated,372.200000,0.000000,120,130,130,130,140,150,160,170,750,2400,3800,33330,0,120,118.6944494449445,62,3768,7.0
1615956527,50,custom_protocol_boto3,sagemaker_client_invoke_endpoint,372.500000,0.000000,120,130,130,130,140,150,160,170,750,2400,3800,33714,0,120,118.64747582606633,62,3768,7.0
1615956527,50,,Aggregated,372.500000,0.000000,120,130,130,130,140,150,160,170,750,2400,3800,33714,0,120,118.64747582606633,62,3768,7.0
1615956528,50,custom_protocol_boto3,sagemaker_client_invoke_endpoint,374.500000,0.000000,120,130,130,130,140,150,160,170,750,2400,3800,34096,0,120,118.62420811825434,62,3768,7.0
1615956528,50,,Aggregated,374.500000,0.000000,120,130,130,130,140,150,160,170,750,2400,3800,34096,0,120,118.62420811825434,62,3768,7.0
1615956529,50,custom_protocol_boto3,sagemaker_client_invoke_endpoint,374.300000,0.000000,120,130,130,130,140,150,160,170,750,2400,3800,34463,0,120,118.57647331921191,62,3768,7.0
1615956529,50,,Aggregated,374.300000,0.000000,120,130,130,130,140,150,160,170,750,2400,3800,34463,0,120,118.57647331921191,62,3768,7.0
1615956530,50,custom_protocol_boto3,sagemaker_client_invoke_endpoint,374.000000,0.000000,120,130,130,130,140,150,160,170,770,2500,3800,34846,0,120,118.66171153073523,62,3768,7.0
1615956530,50,,Aggregated,374.000000,0.000000,120,130,130,130,140,150,160,170,770,2500,3800,34846,0,120,118.66171153073523,62,3768,7.0
1615956531,50,custom_protocol_boto3,sagemaker_client_invoke_endpoint,374.700000,0.000000,120,130,130,130,140,150,160,170,750,2500,3800,35237,0,120,118.61645429520107,62,3768,7.0
1615956531,50,,Aggregated,374.700000,0.000000,120,130,130,130,140,150,160,170,750,2500,3800,35237,0,120,118.61645429520107,62,3768,7.0
1615956532,50,custom_protocol_boto3,sagemaker_client_invoke_endpoint,372.800000,0.000000,120,130,130,130,140,150,160,170,770,2500,3800,35627,0,120,118.60866758357426,62,3768,7.0
1615956532,50,,Aggregated,372.800000,0.000000,120,130,130,130,140,150,160,170,770,2500,3800,35627,0,120,118.60866758357426,62,3768,7.0
1615956533,50,custom_protocol_boto3,sagemaker_client_invoke_endpoint,373.400000,0.000000,120,130,130,130,140,150,160,170,750,2500,3800,36008,0,120,118.60492112863808,62,3768,7.0
1615956533,50,,Aggregated,373.400000,0.000000,120,130,130,130,140,150,160,170,750,2500,3800,36008,0,120,118.60492112863808,62,3768,7.0
1615956534,50,custom_protocol_boto3,sagemaker_client_invoke_endpoint,374.000000,0.000000,120,130,130,130,140,150,160,170,750,2500,3800,36371,0,120,118.62827527425696,62,3768,7.0
1615956534,50,,Aggregated,374.000000,0.000000,120,130,130,130,140,150,160,170,750,2500,3800,36371,0,120,118.62827527425696,62,3768,7.0
1615956535,50,custom_protocol_boto3,sagemaker_client_invoke_endpoint,374.400000,0.000000,120,130,130,130,140,150,160,170,770,2500,3800,36754,0,120,118.70103934265659,62,3768,7.0
1615956535,50,,Aggregated,374.400000,0.000000,120,130,130,130,140,150,160,170,770,2500,3800,36754,0,120,118.70103934265659,62,3768,7.0
1615956536,50,custom_protocol_boto3,sagemaker_client_invoke_endpoint,373.500000,0.000000,120,130,130,130,140,150,160,170,770,2500,3800,37144,0,120,118.70242838681887,62,3768,7.0
1615956536,50,,Aggregated,373.500000,0.000000,120,130,130,130,140,150,160,170,770,2500,3800,37144,0,120,118.70242838681887,62,3768,7.0
1615956537,50,custom_protocol_boto3,sagemaker_client_invoke_endpoint,371.700000,0.000000,120,130,130,130,140,150,160,170,770,2500,3800,37511,0,120,118.728532963664,62,3768,7.0
1615956537,50,,Aggregated,371.700000,0.000000,120,130,130,130,140,150,160,170,770,2500,3800,37511,0,120,118.728532963664,62,3768,7.0
1615956538,50,custom_protocol_boto3,sagemaker_client_invoke_endpoint,372.200000,0.000000,120,130,130,130,140,150,160,170,810,2500,3800,37895,0,120,118.71803668030083,62,3768,7.0
1615956538,50,,Aggregated,372.200000,0.000000,120,130,130,130,140,150,160,170,810,2500,3800,37895,0,120,118.71803668030083,62,3768,7.0
1615956539,50,custom_protocol_boto3,sagemaker_client_invoke_endpoint,372.200000,0.000000,120,130,130,130,140,150,160,170,770,2500,3800,38277,0,120,118.71283015910338,62,3768,7.0
1615956539,50,,Aggregated,372.200000,0.000000,120,130,130,130,140,150,160,170,770,2500,3800,38277,0,120,118.71283015910338,62,3768,7.0
1615956540,50,custom_protocol_boto3,sagemaker_client_invoke_endpoint,371.700000,0.000000,120,130,130,130,140,150,160,170,770,2500,3800,38651,0,120,118.67330728829785,62,3768,7.0
1615956540,50,,Aggregated,371.700000,0.000000,120,130,130,130,140,150,160,170,770,2500,3800,38651,0,120,118.67330728829785,62,3768,7.0
1615956541,50,custom_protocol_boto3,sagemaker_client_invoke_endpoint,370.800000,0.000000,120,130,130,130,140,150,160,170,770,2500,3800,39029,0,120,118.64905583028005,62,3768,7.0
1615956541,50,,Aggregated,370.800000,0.000000,120,130,130,130,140,150,160,170,770,2500,3800,39029,0,120,118.64905583028005,62,3768,7.0
1615956542,50,custom_protocol_boto3,sagemaker_client_invoke_endpoint,370.800000,0.000000,120,130,130,130,140,150,160,170,770,2500,3800,39415,0,120,118.63876696689078,62,3768,7.0
1615956542,50,,Aggregated,370.800000,0.000000,120,130,130,130,140,150,160,170,770,2500,3800,39415,0,120,118.63876696689078,62,3768,7.0
1615956543,50,custom_protocol_boto3,sagemaker_client_invoke_endpoint,372.100000,0.000000,120,130,130,130,140,150,160,170,810,2500,3800,39793,0,120,118.64446008091875,62,3768,7.0
1615956543,50,,Aggregated,372.100000,0.000000,120,130,130,130,140,150,160,170,810,2500,3800,39793,0,120,118.64446008091875,62,3768,7.0
1615956544,50,custom_protocol_boto3,sagemaker_client_invoke_endpoint,372.700000,0.000000,120,130,130,130,140,150,160,170,810,2400,3800,40162,0,120,118.6465315472337,62,3768,7.0
1615956544,50,,Aggregated,372.700000,0.000000,120,130,130,130,140,150,160,170,810,2400,3800,40162,0,120,118.6465315472337,62,3768,7.0
1615956545,50,custom_protocol_boto3,sagemaker_client_invoke_endpoint,371.500000,0.000000,120,130,130,130,140,150,160,170,820,2400,3800,40546,0,120,118.62043111527647,62,3768,7.0
1615956545,50,,Aggregated,371.500000,0.000000,120,130,130,130,140,150,160,170,820,2400,3800,40546,0,120,118.62043111527647,62,3768,7.0
1615956546,50,custom_protocol_boto3,sagemaker_client_invoke_endpoint,371.800000,0.000000,120,130,130,130,140,150,160,170,820,2400,3800,40925,0,120,118.61688454489921,62,3768,7.0
1615956546,50,,Aggregated,371.800000,0.000000,120,130,130,130,140,150,160,170,820,2400,3800,40925,0,120,118.61688454489921,62,3768,7.0
1615956547,50,custom_protocol_boto3,sagemaker_client_invoke_endpoint,372.100000,0.000000,120,130,130,130,140,150,160,170,820,2400,3800,41301,0,120,118.59243117600059,62,3768,7.0
1615956547,50,,Aggregated,372.100000,0.000000,120,130,130,130,140,150,160,170,820,2400,3800,41301,0,120,118.59243117600059,62,3768,7.0
1615956548,50,custom_protocol_boto3,sagemaker_client_invoke_endpoint,372.900000,0.000000,120,130,130,130,140,150,160,170,820,2400,3800,41695,0,120,118.56639884878282,62,3768,7.0
1615956548,50,,Aggregated,372.900000,0.000000,120,130,130,130,140,150,160,170,820,2400,3800,41695,0,120,118.56639884878282,62,3768,7.0
1615956549,50,custom_protocol_boto3,sagemaker_client_invoke_endpoint,371.400000,0.000000,120,130,130,130,140,150,160,170,810,2400,3800,42070,0,120,118.55502733539339,62,3768,7.0
1615956549,50,,Aggregated,371.400000,0.000000,120,130,130,130,140,150,160,170,810,2400,3800,42070,0,120,118.55502733539339,62,3768,7.0
1615956550,50,custom_protocol_boto3,sagemaker_client_invoke_endpoint,372.900000,0.000000,120,130,130,130,140,150,160,170,810,2400,3800,42430,0,120,118.58352580721188,62,3768,7.0
1615956550,50,,Aggregated,372.900000,0.000000,120,130,130,130,140,150,160,170,810,2400,3800,42430,0,120,118.58352580721188,62,3768,7.0
1615956551,50,custom_protocol_boto3,sagemaker_client_invoke_endpoint,374.500000,0.000000,120,130,130,130,140,150,160,170,810,2400,3800,42811,0,120,118.56578916633576,62,3768,7.0
1615956551,50,,Aggregated,374.500000,0.000000,120,130,130,130,140,150,160,170,810,2400,3800,42811,0,120,118.56578916633576,62,3768,7.0
1615956552,50,custom_protocol_boto3,sagemaker_client_invoke_endpoint,375.100000,0.000000,120,130,130,130,140,150,160,170,770,2400,3800,43196,0,120,118.52203907769238,62,3768,7.0
1615956552,50,,Aggregated,375.100000,0.000000,120,130,130,130,140,150,160,170,770,2400,3800,43196,0,120,118.52203907769238,62,3768,7.0
1615956553,50,custom_protocol_boto3,sagemaker_client_invoke_endpoint,371.000000,0.000000,120,130,130,130,140,150,160,170,810,2400,3800,43577,0,120,118.53776074534731,62,3768,7.0
1615956553,50,,Aggregated,371.000000,0.000000,120,130,130,130,140,150,160,170,810,2400,3800,43577,0,120,118.53776074534731,62,3768,7.0
1615956554,50,custom_protocol_boto3,sagemaker_client_invoke_endpoint,371.700000,0.000000,120,130,130,130,140,150,160,170,810,2400,3800,43961,0,120,118.50804121835263,62,3768,7.0
1615956554,50,,Aggregated,371.700000,0.000000,120,130,130,130,140,150,160,170,810,2400,3800,43961,0,120,118.50804121835263,62,3768,7.0
1615956555,50,custom_protocol_boto3,sagemaker_client_invoke_endpoint,374.000000,0.000000,120,130,130,130,140,150,160,170,770,2400,3800,44342,0,120,118.48236434982636,62,3768,7.0
1615956555,50,,Aggregated,374.000000,0.000000,120,130,130,130,140,150,160,170,770,2400,3800,44342,0,120,118.48236434982636,62,3768,7.0
1615956556,50,custom_protocol_boto3,sagemaker_client_invoke_endpoint,374.900000,0.000000,120,130,130,130,140,150,160,170,770,2400,3800,44723,0,120,118.44728663103996,62,3768,7.0
1615956556,50,,Aggregated,374.900000,0.000000,120,130,130,130,140,150,160,170,770,2400,3800,44723,0,120,118.44728663103996,62,3768,7.0
1615956557,50,custom_protocol_boto3,sagemaker_client_invoke_endpoint,374.300000,0.000000,120,130,130,130,140,150,160,170,770,2400,3800,45103,0,120,118.47149856993991,62,3768,7.0
1615956557,50,,Aggregated,374.300000,0.000000,120,130,130,130,140,150,160,170,770,2400,3800,45103,0,120,118.47149856993991,62,3768,7.0
1615956558,50,custom_protocol_boto3,sagemaker_client_invoke_endpoint,374.100000,0.000000,120,130,130,130,140,150,160,170,810,2400,3800,45495,0,120,118.43538850423123,62,3768,7.0
1615956558,50,,Aggregated,374.100000,0.000000,120,130,130,130,140,150,160,170,810,2400,3800,45495,0,120,118.43538850423123,62,3768,7.0
1615956559,50,custom_protocol_boto3,sagemaker_client_invoke_endpoint,375.200000,0.000000,120,130,130,130,140,150,160,170,820,2400,3800,45896,0,120,118.41862035907269,62,3768,7.0
1615956559,50,,Aggregated,375.200000,0.000000,120,130,130,130,140,150,160,170,820,2400,3800,45896,0,120,118.41862035907269,62,3768,7.0
1615956560,50,custom_protocol_boto3,sagemaker_client_invoke_endpoint,376.600000,0.000000,120,130,130,130,140,150,160,170,810,2400,3800,46282,0,120,118.39525085346355,58,3768,7.0
1615956560,50,,Aggregated,376.600000,0.000000,120,130,130,130,140,150,160,170,810,2400,3800,46282,0,120,118.39525085346355,58,3768,7.0
1615956561,50,custom_protocol_boto3,sagemaker_client_invoke_endpoint,375.300000,0.000000,120,130,130,130,140,150,160,170,810,2400,3800,46670,0,120,118.37173773301907,58,3768,7.0
1615956561,50,,Aggregated,375.300000,0.000000,120,130,130,130,140,150,160,170,810,2400,3800,46670,0,120,118.37173773301907,58,3768,7.0
1615956562,50,custom_protocol_boto3,sagemaker_client_invoke_endpoint,375.600000,0.000000,120,130,130,130,140,150,160,170,810,2400,3800,47056,0,120,118.35617137028221,58,3768,7.0
1615956562,50,,Aggregated,375.600000,0.000000,120,130,130,130,140,150,160,170,810,2400,3800,47056,0,120,118.35617137028221,58,3768,7.0
1615956563,50,custom_protocol_boto3,sagemaker_client_invoke_endpoint,377.700000,0.000000,120,130,130,130,140,150,160,170,820,2400,3800,47411,0,120,118.37200227795238,58,3768,7.0
1615956563,50,,Aggregated,377.700000,0.000000,120,130,130,130,140,150,160,170,820,2400,3800,47411,0,120,118.37200227795238,58,3768,7.0
1615956564,50,custom_protocol_boto3,sagemaker_client_invoke_endpoint,377.700000,0.000000,120,130,130,130,140,150,160,170,820,2400,3800,47781,0,120,118.39072016073335,58,3768,7.0
1615956564,50,,Aggregated,377.700000,0.000000,120,130,130,130,140,150,160,170,820,2400,3800,47781,0,120,118.39072016073335,58,3768,7.0
1615956565,50,custom_protocol_boto3,sagemaker_client_invoke_endpoint,375.200000,0.000000,120,130,130,130,140,150,160,170,820,2400,3800,48165,0,120,118.4460915602616,58,3768,7.0
1615956565,50,,Aggregated,375.200000,0.000000,120,130,130,130,140,150,160,170,820,2400,3800,48165,0,120,118.4460915602616,58,3768,7.0
1615956566,50,custom_protocol_boto3,sagemaker_client_invoke_endpoint,375.200000,0.000000,120,130,130,130,140,150,160,170,820,2400,3800,48547,0,120,118.43075782231652,58,3768,7.0
1615956566,50,,Aggregated,375.200000,0.000000,120,130,130,130,140,150,160,170,820,2400,3800,48547,0,120,118.43075782231652,58,3768,7.0
1615956567,50,custom_protocol_boto3,sagemaker_client_invoke_endpoint,376.200000,0.000000,120,130,130,130,140,150,160,170,820,2400,3800,48924,0,120,118.45198675496688,58,3768,7.0
1615956567,50,,Aggregated,376.200000,0.000000,120,130,130,130,140,150,160,170,820,2400,3800,48924,0,120,118.45198675496688,58,3768,7.0
1615956568,50,custom_protocol_boto3,sagemaker_client_invoke_endpoint,374.000000,0.000000,120,130,130,130,140,150,160,170,810,2400,3800,49322,0,120,118.4177446170066,58,3768,7.0
1615956568,50,,Aggregated,374.000000,0.000000,120,130,130,130,140,150,160,170,810,2400,3800,49322,0,120,118.4177446170066,58,3768,7.0
1615956570,50,custom_protocol_boto3,sagemaker_client_invoke_endpoint,375.400000,0.000000,120,130,130,130,140,150,160,170,810,2400,3800,49706,0,120,118.41687120267171,58,3768,7.0
1615956570,50,,Aggregated,375.400000,0.000000,120,130,130,130,140,150,160,170,810,2400,3800,49706,0,120,118.41687120267171,58,3768,7.0
1615956571,50,custom_protocol_boto3,sagemaker_client_invoke_endpoint,372.900000,0.000000,120,130,130,130,140,150,160,170,810,2300,3800,50079,0,120,118.3917210806925,58,3768,7.0
1615956571,50,,Aggregated,372.900000,0.000000,120,130,130,130,140,150,160,170,810,2300,3800,50079,0,120,118.3917210806925,58,3768,7.0
1615956572,50,custom_protocol_boto3,sagemaker_client_invoke_endpoint,373.000000,0.000000,120,130,130,130,140,150,160,170,810,2300,3800,50458,0,120,118.40126441793174,58,3768,7.0
1615956572,50,,Aggregated,373.000000,0.000000,120,130,130,130,140,150,160,170,810,2300,3800,50458,0,120,118.40126441793174,58,3768,7.0
1615956573,50,custom_protocol_boto3,sagemaker_client_invoke_endpoint,373.100000,0.000000,120,130,130,130,140,150,160,170,810,2300,3800,50837,0,120,118.38424769360898,58,3768,7.0
1615956573,50,,Aggregated,373.100000,0.000000,120,130,130,130,140,150,160,170,810,2300,3800,50837,0,120,118.38424769360898,58,3768,7.0
1615956574,50,custom_protocol_boto3,sagemaker_client_invoke_endpoint,372.500000,0.000000,120,130,130,130,140,150,160,170,810,2300,3800,51215,0,120,118.38238797227375,58,3768,7.0
1615956574,50,,Aggregated,372.500000,0.000000,120,130,130,130,140,150,160,170,810,2300,3800,51215,0,120,118.38238797227375,58,3768,7.0
1615956575,50,custom_protocol_boto3,sagemaker_client_invoke_endpoint,372.800000,0.000000,120,130,130,130,140,150,160,170,810,2300,3800,51595,0,120,118.36581064056594,58,3768,7.0
1615956575,50,,Aggregated,372.800000,0.000000,120,130,130,130,140,150,160,170,810,2300,3800,51595,0,120,118.36581064056594,58,3768,7.0
1615956576,50,custom_protocol_boto3,sagemaker_client_invoke_endpoint,372.100000,0.000000,120,130,130,130,140,150,160,170,810,2300,3800,51974,0,120,118.35823681071305,58,3768,7.0
1615956576,50,,Aggregated,372.100000,0.000000,120,130,130,130,140,150,160,170,810,2300,3800,51974,0,120,118.35823681071305,58,3768,7.0
1615956577,50,custom_protocol_boto3,sagemaker_client_invoke_endpoint,373.300000,0.000000,120,130,130,130,140,150,160,170,790,2300,3800,52362,0,120,118.34385623161835,58,3768,7.0
1615956577,50,,Aggregated,373.300000,0.000000,120,130,130,130,140,150,160,170,790,2300,3800,52362,0,120,118.34385623161835,58,3768,7.0
1615956578,50,custom_protocol_boto3,sagemaker_client_invoke_endpoint,374.500000,0.000000,120,130,130,130,140,150,160,170,790,2300,3800,52731,0,120,118.35011662968653,58,3768,7.0
1615956578,50,,Aggregated,374.500000,0.000000,120,130,130,130,140,150,160,170,790,2300,3800,52731,0,120,118.35011662968653,58,3768,7.0
1615956579,50,custom_protocol_boto3,sagemaker_client_invoke_endpoint,372.800000,0.000000,120,130,130,130,140,150,160,170,780,2300,3800,53111,0,120,118.34764926286456,58,3768,7.0
1615956579,50,,Aggregated,372.800000,0.000000,120,130,130,130,140,150,160,170,780,2300,3800,53111,0,120,118.34764926286456,58,3768,7.0
1615956580,50,custom_protocol_boto3,sagemaker_client_invoke_endpoint,372.300000,0.000000,120,130,130,130,140,150,160,170,790,2300,3800,53493,0,120,118.332865982465,58,3768,7.0
1615956580,50,,Aggregated,372.300000,0.000000,120,130,130,130,140,150,160,170,790,2300,3800,53493,0,120,118.332865982465,58,3768,7.0
1615956581,50,custom_protocol_boto3,sagemaker_client_invoke_endpoint,371.900000,0.000000,120,130,130,130,140,150,160,170,810,2300,3800,53870,0,120,118.32641544458882,58,3768,7.0
1615956581,50,,Aggregated,371.900000,0.000000,120,130,130,130,140,150,160,170,810,2300,3800,53870,0,120,118.32641544458882,58,3768,7.0
1615956582,50,custom_protocol_boto3,sagemaker_client_invoke_endpoint,373.200000,0.000000,120,130,130,130,140,150,160,170,790,2300,3800,54254,0,120,118.33341320455635,58,3768,7.0
1615956582,50,,Aggregated,373.200000,0.000000,120,130,130,130,140,150,160,170,790,2300,3800,54254,0,120,118.33341320455635,58,3768,7.0
1615956583,50,custom_protocol_boto3,sagemaker_client_invoke_endpoint,372.800000,0.000000,120,130,130,130,140,150,160,170,790,2300,3800,54631,0,120,118.33653054126778,58,3768,7.0
1615956583,50,,Aggregated,372.800000,0.000000,120,130,130,130,140,150,160,170,790,2300,3800,54631,0,120,118.33653054126778,58,3768,7.0
1615956584,50,custom_protocol_boto3,sagemaker_client_invoke_endpoint,372.200000,0.000000,120,130,130,130,140,150,160,170,780,2300,3800,55007,0,120,118.30797898449288,58,3768,7.0
1615956584,50,,Aggregated,372.200000,0.000000,120,130,130,130,140,150,160,170,780,2300,3800,55007,0,120,118.30797898449288,58,3768,7.0
1615956585,50,custom_protocol_boto3,sagemaker_client_invoke_endpoint,372.300000,0.000000,120,130,130,130,140,150,160,170,790,2300,3800,55382,0,120,118.34550937127587,58,3768,7.0
1615956585,50,,Aggregated,372.300000,0.000000,120,130,130,130,140,150,160,170,790,2300,3800,55382,0,120,118.34550937127587,58,3768,7.0
1615956586,50,custom_protocol_boto3,sagemaker_client_invoke_endpoint,372.600000,0.000000,120,130,130,130,140,150,160,170,790,2300,3800,55766,0,120,118.32042821791056,58,3768,7.0
1615956586,50,,Aggregated,372.600000,0.000000,120,130,130,130,140,150,160,170,790,2300,3800,55766,0,120,118.32042821791056,58,3768,7.0
1615956587,50,custom_protocol_boto3,sagemaker_client_invoke_endpoint,370.000000,0.000000,120,130,130,130,140,150,160,170,790,2300,3800,56156,0,120,118.31549611795712,58,3768,7.0
1615956587,50,,Aggregated,370.000000,0.000000,120,130,130,130,140,150,160,170,790,2300,3800,56156,0,120,118.31549611795712,58,3768,7.0
1615956588,50,custom_protocol_boto3,sagemaker_client_invoke_endpoint,372.000000,0.000000,120,130,130,130,140,150,160,170,810,2300,3800,56552,0,120,118.31456005092659,58,3768,7.0
1615956588,50,,Aggregated,372.000000,0.000000,120,130,130,130,140,150,160,170,810,2300,3800,56552,0,120,118.31456005092659,58,3768,7.0
1615956589,50,custom_protocol_boto3,sagemaker_client_invoke_endpoint,371.700000,0.000000,120,130,130,130,140,150,160,170,810,2300,3800,56935,0,120,118.29623254588566,58,3768,7.0
1615956589,50,,Aggregated,371.700000,0.000000,120,130,130,130,140,150,160,170,810,2300,3800,56935,0,120,118.29623254588566,58,3768,7.0
1615956590,50,custom_protocol_boto3,sagemaker_client_invoke_endpoint,373.100000,0.000000,120,130,130,130,140,150,160,170,790,2300,3800,57317,0,120,118.28633738681368,58,3768,7.0
1615956590,50,,Aggregated,373.100000,0.000000,120,130,130,130,140,150,160,170,790,2300,3800,57317,0,120,118.28633738681368,58,3768,7.0
1615956591,50,custom_protocol_boto3,sagemaker_client_invoke_endpoint,374.200000,0.000000,120,130,130,130,140,150,160,170,810,2400,3800,57691,0,120,118.33289421226881,58,3768,7.0
1615956591,50,,Aggregated,374.200000,0.000000,120,130,130,130,140,150,160,170,810,2400,3800,57691,0,120,118.33289421226881,58,3768,7.0
1615956592,50,custom_protocol_boto3,sagemaker_client_invoke_endpoint,372.000000,0.000000,120,130,130,130,140,150,160,170,790,2400,3800,58081,0,120,118.32909212995644,58,3768,7.0
1615956592,50,,Aggregated,372.000000,0.000000,120,130,130,130,140,150,160,170,790,2400,3800,58081,0,120,118.32909212995644,58,3768,7.0
1615956593,50,custom_protocol_boto3,sagemaker_client_invoke_endpoint,371.600000,0.000000,120,130,130,130,140,150,160,170,790,2400,3800,58469,0,120,118.314405924507,58,3768,7.0
1615956593,50,,Aggregated,371.600000,0.000000,120,130,130,130,140,150,160,170,790,2400,3800,58469,0,120,118.314405924507,58,3768,7.0
1615956594,50,custom_protocol_boto3,sagemaker_client_invoke_endpoint,372.900000,0.000000,120,130,130,130,140,150,160,170,810,2400,3800,58858,0,120,118.31553909409087,58,3768,7.0
1615956594,50,,Aggregated,372.900000,0.000000,120,130,130,130,140,150,160,170,810,2400,3800,58858,0,120,118.31553909409087,58,3768,7.0
1615956595,50,custom_protocol_boto3,sagemaker_client_invoke_endpoint,372.600000,0.000000,120,130,130,130,140,150,160,170,790,2400,3800,59238,0,120,118.30789358182248,58,3768,7.0
1615956595,50,,Aggregated,372.600000,0.000000,120,130,130,130,140,150,160,170,790,2400,3800,59238,0,120,118.30789358182248,58,3768,7.0
1615956596,50,custom_protocol_boto3,sagemaker_client_invoke_endpoint,371.500000,0.000000,120,130,130,130,140,150,160,170,810,2400,3800,59625,0,120,118.3584570230608,58,3768,7.0
1615956596,50,,Aggregated,371.500000,0.000000,120,130,130,130,140,150,160,170,810,2400,3800,59625,0,120,118.3584570230608,58,3768,7.0
1615956597,50,custom_protocol_boto3,sagemaker_client_invoke_endpoint,374.000000,0.000000,120,130,130,130,140,150,160,170,810,2300,3800,60013,0,120,118.35685601453018,58,3768,7.0
1615956597,50,,Aggregated,374.000000,0.000000,120,130,130,130,140,150,160,170,810,2300,3800,60013,0,120,118.35685601453018,58,3768,7.0
1615956598,50,custom_protocol_boto3,sagemaker_client_invoke_endpoint,372.100000,0.000000,120,130,130,130,140,150,160,170,810,2300,3800,60368,0,120,118.37231645905115,58,3768,7.0
1615956598,50,,Aggregated,372.100000,0.000000,120,130,130,130,140,150,160,170,810,2300,3800,60368,0,120,118.37231645905115,58,3768,7.0
1615956599,50,custom_protocol_boto3,sagemaker_client_invoke_endpoint,372.200000,0.000000,120,130,130,130,140,150,160,170,810,2300,3800,60756,0,120,118.37619329778128,58,3768,7.0
1615956599,50,,Aggregated,372.200000,0.000000,120,130,130,130,140,150,160,170,810,2300,3800,60756,0,120,118.37619329778128,58,3768,7.0
1615956600,50,custom_protocol_boto3,sagemaker_client_invoke_endpoint,372.800000,0.000000,120,130,130,130,140,150,160,170,790,2300,3800,61131,0,120,118.36933797909407,58,3768,7.0
1615956600,50,,Aggregated,372.800000,0.000000,120,130,130,130,140,150,160,170,790,2300,3800,61131,0,120,118.36933797909407,58,3768,7.0
1615956601,50,custom_protocol_boto3,sagemaker_client_invoke_endpoint,369.600000,0.000000,120,130,130,130,140,150,160,170,790,2300,3800,61508,0,120,118.38367366846589,58,3768,7.0
1615956601,50,,Aggregated,369.600000,0.000000,120,130,130,130,140,150,160,170,790,2300,3800,61508,0,120,118.38367366846589,58,3768,7.0
1615956602,50,custom_protocol_boto3,sagemaker_client_invoke_endpoint,370.300000,0.000000,120,130,130,130,140,150,160,170,810,2300,3800,61900,0,120,118.36852988691437,58,3768,7.0
1615956602,50,,Aggregated,370.300000,0.000000,120,130,130,130,140,150,160,170,810,2300,3800,61900,0,120,118.36852988691437,58,3768,7.0
1615956603,50,custom_protocol_boto3,sagemaker_client_invoke_endpoint,370.900000,0.000000,120,130,130,130,140,150,160,170,790,2300,3800,62277,0,120,118.3669091317822,58,3768,7.0
1615956603,50,,Aggregated,370.900000,0.000000,120,130,130,130,140,150,160,170,790,2300,3800,62277,0,120,118.3669091317822,58,3768,7.0
1615956604,50,custom_protocol_boto3,sagemaker_client_invoke_endpoint,369.600000,0.000000,120,130,130,130,140,150,160,170,810,2300,3800,62660,0,120,118.35750079795723,58,3768,7.0
1615956604,50,,Aggregated,369.600000,0.000000,120,130,130,130,140,150,160,170,810,2300,3800,62660,0,120,118.35750079795723,58,3768,7.0
1615956605,50,custom_protocol_boto3,sagemaker_client_invoke_endpoint,372.000000,0.000000,120,130,130,130,140,150,160,170,790,2300,3800,63040,0,120,118.39019670050762,58,3768,7.0
1615956605,50,,Aggregated,372.000000,0.000000,120,130,130,130,140,150,160,170,790,2300,3800,63040,0,120,118.39019670050762,58,3768,7.0
1615956606,50,custom_protocol_boto3,sagemaker_client_invoke_endpoint,372.200000,0.000000,120,130,130,130,140,150,160,170,790,2300,3800,63430,0,120,118.37324609806086,58,3768,7.0
1615956606,50,,Aggregated,372.200000,0.000000,120,130,130,130,140,150,160,170,790,2300,3800,63430,0,120,118.37324609806086,58,3768,7.0
1615956607,50,custom_protocol_boto3,sagemaker_client_invoke_endpoint,372.200000,0.000000,120,130,130,130,140,150,160,170,790,2300,3800,63817,0,120,118.36709654167385,58,3768,7.0
1615956607,50,,Aggregated,372.200000,0.000000,120,130,130,130,140,150,160,170,790,2300,3800,63817,0,120,118.36709654167385,58,3768,7.0
1615956608,50,custom_protocol_boto3,sagemaker_client_invoke_endpoint,371.000000,0.000000,120,130,130,130,140,150,160,170,790,2300,3800,64202,0,120,118.35271486869568,58,3768,7.0
1615956608,50,,Aggregated,371.000000,0.000000,120,130,130,130,140,150,160,170,790,2300,3800,64202,0,120,118.35271486869568,58,3768,7.0
1615956610,50,custom_protocol_boto3,sagemaker_client_invoke_endpoint,370.900000,0.000000,120,130,130,130,140,150,160,170,790,2300,3800,64586,0,120,118.34961137088533,58,3768,7.0
1615956610,50,,Aggregated,370.900000,0.000000,120,130,130,130,140,150,160,170,790,2300,3800,64586,0,120,118.34961137088533,58,3768,7.0
1615956611,50,custom_protocol_boto3,sagemaker_client_invoke_endpoint,369.500000,0.000000,120,130,130,130,140,150,160,170,790,2300,3800,64969,0,120,118.34881251058196,58,3768,7.0
1615956611,50,,Aggregated,369.500000,0.000000,120,130,130,130,140,150,160,170,790,2300,3800,64969,0,120,118.34881251058196,58,3768,7.0
1615956612,50,custom_protocol_boto3,sagemaker_client_invoke_endpoint,372.500000,0.000000,120,130,130,130,140,150,160,170,780,2300,3800,65358,0,120,118.34219223354448,58,3768,7.0
1615956612,50,,Aggregated,372.500000,0.000000,120,130,130,130,140,150,160,170,780,2300,3800,65358,0,120,118.34219223354448,58,3768,7.0
1615956613,50,custom_protocol_boto3,sagemaker_client_invoke_endpoint,373.700000,0.000000,120,130,130,130,140,150,160,170,790,2300,3800,65731,0,120,118.3558290608693,58,3768,7.0
1615956613,50,,Aggregated,373.700000,0.000000,120,130,130,130,140,150,160,170,790,2300,3800,65731,0,120,118.3558290608693,58,3768,7.0
1615956614,50,custom_protocol_boto3,sagemaker_client_invoke_endpoint,372.900000,0.000000,120,130,130,130,140,150,160,170,780,2300,3800,66106,0,120,118.36160106495628,58,3768,7.0
1615956614,50,,Aggregated,372.900000,0.000000,120,130,130,130,140,150,160,170,780,2300,3800,66106,0,120,118.36160106495628,58,3768,7.0
1615956615,50,custom_protocol_boto3,sagemaker_client_invoke_endpoint,371.700000,0.000000,120,130,130,130,140,150,160,170,790,2300,3800,66494,0,120,118.34831714139622,58,3768,7.0
1615956615,50,,Aggregated,371.700000,0.000000,120,130,130,130,140,150,160,170,790,2300,3800,66494,0,120,118.34831714139622,58,3768,7.0
1615956616,50,custom_protocol_boto3,sagemaker_client_invoke_endpoint,371.300000,0.000000,120,130,130,130,140,150,160,170,790,2300,3800,66877,0,120,118.32900698296874,58,3768,7.0
1615956616,50,,Aggregated,371.300000,0.000000,120,130,130,130,140,150,160,170,790,2300,3800,66877,0,120,118.32900698296874,58,3768,7.0
1615956617,50,custom_protocol_boto3,sagemaker_client_invoke_endpoint,370.500000,0.000000,120,130,130,130,140,150,160,170,780,2300,3800,67255,0,120,118.30081034867297,58,3768,7.0
1615956617,50,,Aggregated,370.500000,0.000000,120,130,130,130,140,150,160,170,780,2300,3800,67255,0,120,118.30081034867297,58,3768,7.0
1615956618,50,custom_protocol_boto3,sagemaker_client_invoke_endpoint,371.500000,0.000000,120,130,130,130,140,150,160,170,790,2400,3800,67641,0,120,118.33686669327774,58,3768,7.0
1615956618,50,,Aggregated,371.500000,0.000000,120,130,130,130,140,150,160,170,790,2400,3800,67641,0,120,118.33686669327774,58,3768,7.0
1615956619,50,custom_protocol_boto3,sagemaker_client_invoke_endpoint,372.400000,0.000000,120,130,130,130,140,150,160,170,780,2400,3800,68031,0,120,118.33683173847217,58,3768,7.0
1615956619,50,,Aggregated,372.400000,0.000000,120,130,130,130,140,150,160,170,780,2400,3800,68031,0,120,118.33683173847217,58,3768,7.0
1615956620,50,custom_protocol_boto3,sagemaker_client_invoke_endpoint,372.200000,0.000000,120,130,130,130,140,150,160,170,790,2400,3800,68394,0,120,118.35722431792263,58,3768,7.0
1615956620,50,,Aggregated,372.200000,0.000000,120,130,130,130,140,150,160,170,790,2400,3800,68394,0,120,118.35722431792263,58,3768,7.0
1615956621,50,custom_protocol_boto3,sagemaker_client_invoke_endpoint,372.300000,0.000000,120,130,130,130,140,150,160,170,790,2400,3800,68780,0,120,118.3502180866531,58,3768,7.0
1615956621,50,,Aggregated,372.300000,0.000000,120,130,130,130,140,150,160,170,790,2400,3800,68780,0,120,118.3502180866531,58,3768,7.0
1615956622,50,custom_protocol_boto3,sagemaker_client_invoke_endpoint,370.800000,0.000000,120,130,130,130,140,150,160,170,780,2400,3800,69163,0,120,118.34813411795324,58,3768,7.0
1615956622,50,,Aggregated,370.800000,0.000000,120,130,130,130,140,150,160,170,780,2400,3800,69163,0,120,118.34813411795324,58,3768,7.0
1615956623,50,custom_protocol_boto3,sagemaker_client_invoke_endpoint,368.500000,0.000000,120,130,130,130,140,150,160,170,780,2400,3800,69551,0,120,118.34281318744519,58,3768,7.0
1615956623,50,,Aggregated,368.500000,0.000000,120,130,130,130,140,150,160,170,780,2400,3800,69551,0,120,118.34281318744519,58,3768,7.0
1615956624,50,custom_protocol_boto3,sagemaker_client_invoke_endpoint,370.700000,0.000000,120,130,130,130,140,150,160,170,790,2400,3800,69925,0,120,118.34688594923132,58,3768,7.0
1615956624,50,,Aggregated,370.700000,0.000000,120,130,130,130,140,150,160,170,790,2400,3800,69925,0,120,118.34688594923132,58,3768,7.0
1615956625,50,custom_protocol_boto3,sagemaker_client_invoke_endpoint,370.700000,0.000000,120,130,130,130,140,150,160,170,780,2300,3800,70306,0,120,118.35024037777714,58,3768,7.0
1615956625,50,,Aggregated,370.700000,0.000000,120,130,130,130,140,150,160,170,780,2300,3800,70306,0,120,118.35024037777714,58,3768,7.0
1615956626,50,custom_protocol_boto3,sagemaker_client_invoke_endpoint,369.700000,0.000000,120,130,130,130,140,150,160,170,780,2300,3800,70662,0,120,118.37870425405451,58,3768,7.0
1615956626,50,,Aggregated,369.700000,0.000000,120,130,130,130,140,150,160,170,780,2300,3800,70662,0,120,118.37870425405451,58,3768,7.0
1615956627,50,custom_protocol_boto3,sagemaker_client_invoke_endpoint,370.500000,0.000000,120,130,130,130,140,150,160,170,780,2300,3800,71024,0,120,118.46964406397838,58,3768,7.0
1615956627,50,,Aggregated,370.500000,0.000000,120,130,130,130,140,150,160,170,780,2300,3800,71024,0,120,118.46964406397838,58,3768,7.0
1615956628,50,custom_protocol_boto3,sagemaker_client_invoke_endpoint,368.900000,0.000000,120,130,130,130,140,150,160,170,780,2300,3800,71409,0,120,118.45414443557534,58,3768,7.0
1615956628,50,,Aggregated,368.900000,0.000000,120,130,130,130,140,150,160,170,780,2300,3800,71409,0,120,118.45414443557534,58,3768,7.0
1615956629,50,custom_protocol_boto3,sagemaker_client_invoke_endpoint,365.200000,0.000000,120,130,130,130,140,150,160,170,780,2300,3800,71780,0,120,118.44324324324324,58,3768,7.0
1615956629,50,,Aggregated,365.200000,0.000000,120,130,130,130,140,150,160,170,780,2300,3800,71780,0,120,118.44324324324324,58,3768,7.0
1615956630,50,custom_protocol_boto3,sagemaker_client_invoke_endpoint,366.500000,0.000000,120,130,130,130,140,150,160,170,770,2300,3800,72161,0,120,118.42873574368426,58,3768,7.0
1615956630,50,,Aggregated,366.500000,0.000000,120,130,130,130,140,150,160,170,770,2300,3800,72161,0,120,118.42873574368426,58,3768,7.0
1615956631,50,custom_protocol_boto3,sagemaker_client_invoke_endpoint,364.200000,0.000000,120,130,130,130,140,150,160,170,770,2300,3800,72535,0,120,118.41148411111877,58,3768,7.0
1615956631,50,,Aggregated,364.200000,0.000000,120,130,130,130,140,150,160,170,770,2300,3800,72535,0,120,118.41148411111877,58,3768,7.0
1615956632,50,custom_protocol_boto3,sagemaker_client_invoke_endpoint,367.000000,0.000000,120,130,130,130,140,150,160,170,770,2300,3800,72909,0,120,118.39575361066535,58,3768,7.0
1615956632,50,,Aggregated,367.000000,0.000000,120,130,130,130,140,150,160,170,770,2300,3800,72909,0,120,118.39575361066535,58,3768,7.0
1615956633,50,custom_protocol_boto3,sagemaker_client_invoke_endpoint,368.600000,0.000000,120,130,130,130,140,150,160,170,770,2300,3800,73287,0,120,118.41690886514661,58,3768,7.0
1615956633,50,,Aggregated,368.600000,0.000000,120,130,130,130,140,150,160,170,770,2300,3800,73287,0,120,118.41690886514661,58,3768,7.0
1615956634,50,custom_protocol_boto3,sagemaker_client_invoke_endpoint,365.900000,0.000000,120,130,130,130,140,150,160,170,770,2300,3800,73651,0,120,118.39543251279684,58,3768,7.0
1615956634,50,,Aggregated,365.900000,0.000000,120,130,130,130,140,150,160,170,770,2300,3800,73651,0,120,118.39543251279684,58,3768,7.0
1615956635,50,custom_protocol_boto3,sagemaker_client_invoke_endpoint,365.400000,0.000000,120,130,130,130,140,150,160,170,750,2300,3800,74035,0,120,118.37286418585803,58,3768,7.0
1615956635,50,,Aggregated,365.400000,0.000000,120,130,130,130,140,150,160,170,750,2300,3800,74035,0,120,118.37286418585803,58,3768,7.0
1615956636,50,custom_protocol_boto3,sagemaker_client_invoke_endpoint,366.700000,0.000000,120,130,130,130,140,150,160,170,750,2300,3800,74409,0,120,118.36492897364566,58,3768,7.0
1615956636,50,,Aggregated,366.700000,0.000000,120,130,130,130,140,150,160,170,750,2300,3800,74409,0,120,118.36492897364566,58,3768,7.0
1615956637,50,custom_protocol_boto3,sagemaker_client_invoke_endpoint,364.800000,0.000000,120,130,130,130,140,150,160,170,750,2300,3800,74799,0,120,118.35278546504632,58,3768,7.0
1615956637,50,,Aggregated,364.800000,0.000000,120,130,130,130,140,150,160,170,750,2300,3800,74799,0,120,118.35278546504632,58,3768,7.0
1615956638,50,custom_protocol_boto3,sagemaker_client_invoke_endpoint,367.200000,0.000000,120,130,130,130,140,150,160,170,750,2400,11000,75176,0,120,118.48520804512079,58,10769,7.0
1615956638,50,,Aggregated,367.200000,0.000000,120,130,130,130,140,150,160,170,750,2400,11000,75176,0,120,118.48520804512079,58,10769,7.0
1615956639,50,custom_protocol_boto3,sagemaker_client_invoke_endpoint,370.200000,0.000000,120,130,130,130,140,150,160,170,750,2400,11000,75558,0,120,118.47971095052807,58,10769,7.0
1615956639,50,,Aggregated,370.200000,0.000000,120,130,130,130,140,150,160,170,750,2400,11000,75558,0,120,118.47971095052807,58,10769,7.0
1615956640,50,custom_protocol_boto3,sagemaker_client_invoke_endpoint,369.500000,0.000000,120,130,130,130,140,150,160,170,750,2400,11000,75926,0,120,118.49213708084187,58,10769,7.0
1615956640,50,,Aggregated,369.500000,0.000000,120,130,130,130,140,150,160,170,750,2400,11000,75926,0,120,118.49213708084187,58,10769,7.0
1615956641,50,custom_protocol_boto3,sagemaker_client_invoke_endpoint,371.300000,0.000000,120,130,130,130,140,150,160,170,750,2400,11000,76290,0,120,118.49585791060427,58,10769,7.0
1615956641,50,,Aggregated,371.300000,0.000000,120,130,130,130,140,150,160,170,750,2400,11000,76290,0,120,118.49585791060427,58,10769,7.0
1615956642,50,custom_protocol_boto3,sagemaker_client_invoke_endpoint,368.100000,0.000000,120,130,130,130,140,150,160,170,750,2400,11000,76676,0,120,118.49242266158902,58,10769,7.0
1615956642,50,,Aggregated,368.100000,0.000000,120,130,130,130,140,150,160,170,750,2400,11000,76676,0,120,118.49242266158902,58,10769,7.0
1615956643,50,custom_protocol_boto3,sagemaker_client_invoke_endpoint,367.900000,0.000000,120,130,130,130,140,150,160,170,750,2400,11000,77055,0,120,118.50007137758743,58,10769,7.0
1615956643,50,,Aggregated,367.900000,0.000000,120,130,130,130,140,150,160,170,750,2400,11000,77055,0,120,118.50007137758743,58,10769,7.0
1615956644,50,custom_protocol_boto3,sagemaker_client_invoke_endpoint,368.400000,0.000000,120,130,130,130,140,150,160,170,750,2400,11000,77431,0,120,118.49351035115134,58,10769,7.0
1615956644,50,,Aggregated,368.400000,0.000000,120,130,130,130,140,150,160,170,750,2400,11000,77431,0,120,118.49351035115134,58,10769,7.0
1615956645,50,custom_protocol_boto3,sagemaker_client_invoke_endpoint,368.100000,0.000000,120,130,130,130,140,150,160,170,750,2400,11000,77811,0,120,118.49355489583735,58,10769,7.0
1615956645,50,,Aggregated,368.100000,0.000000,120,130,130,130,140,150,160,170,750,2400,11000,77811,0,120,118.49355489583735,58,10769,7.0
1615956646,50,custom_protocol_boto3,sagemaker_client_invoke_endpoint,368.800000,0.000000,120,130,130,130,140,150,160,170,740,2400,11000,78183,0,120,118.50765511684126,58,10769,7.0
1615956646,50,,Aggregated,368.800000,0.000000,120,130,130,130,140,150,160,170,740,2400,11000,78183,0,120,118.50765511684126,58,10769,7.0
1615956647,50,custom_protocol_boto3,sagemaker_client_invoke_endpoint,370.200000,0.000000,120,130,130,130,140,150,160,170,740,2400,11000,78562,0,120,118.53849189175428,58,10769,7.0
1615956647,50,,Aggregated,370.200000,0.000000,120,130,130,130,140,150,160,170,740,2400,11000,78562,0,120,118.53849189175428,58,10769,7.0
1615956648,50,custom_protocol_boto3,sagemaker_client_invoke_endpoint,370.100000,0.000000,120,130,130,130,140,150,160,170,740,2400,11000,78930,0,120,118.53276320790575,58,10769,7.0
1615956648,50,,Aggregated,370.100000,0.000000,120,130,130,130,140,150,160,170,740,2400,11000,78930,0,120,118.53276320790575,58,10769,7.0
1615956649,50,custom_protocol_boto3,sagemaker_client_invoke_endpoint,368.600000,0.000000,120,130,130,130,140,150,160,170,730,2400,11000,79306,0,120,118.5326583108466,58,10769,7.0
1615956649,50,,Aggregated,368.600000,0.000000,120,130,130,130,140,150,160,170,730,2400,11000,79306,0,120,118.5326583108466,58,10769,7.0
1615956650,50,custom_protocol_boto3,sagemaker_client_invoke_endpoint,366.500000,0.000000,120,130,130,130,140,150,160,170,730,2400,11000,79696,0,120,118.52628739208994,58,10769,7.0
1615956650,50,,Aggregated,366.500000,0.000000,120,130,130,130,140,150,160,170,730,2400,11000,79696,0,120,118.52628739208994,58,10769,7.0
1615956651,50,custom_protocol_boto3,sagemaker_client_invoke_endpoint,366.000000,0.000000,120,130,130,130,140,150,160,170,730,2300,11000,80076,0,120,118.5286602727409,58,10769,7.0
1615956651,50,,Aggregated,366.000000,0.000000,120,130,130,130,140,150,160,170,730,2300,11000,80076,0,120,118.5286602727409,58,10769,7.0
1615956653,50,custom_protocol_boto3,sagemaker_client_invoke_endpoint,367.700000,0.000000,120,130,130,130,140,150,160,170,730,2300,11000,80461,0,120,118.52399299039286,58,10769,7.0
1615956653,50,,Aggregated,367.700000,0.000000,120,130,130,130,140,150,160,170,730,2300,11000,80461,0,120,118.52399299039286,58,10769,7.0
1615956654,50,custom_protocol_boto3,sagemaker_client_invoke_endpoint,369.200000,0.000000,120,130,130,130,140,150,160,170,730,2300,11000,80822,0,120,118.54326792210041,58,10769,7.0
1615956654,50,,Aggregated,369.200000,0.000000,120,130,130,130,140,150,160,170,730,2300,11000,80822,0,120,118.54326792210041,58,10769,7.0
1615956655,50,custom_protocol_boto3,sagemaker_client_invoke_endpoint,369.800000,0.000000,120,130,130,130,140,150,160,170,730,2300,11000,81207,0,120,118.54101247429409,58,10769,7.0
1615956655,50,,Aggregated,369.800000,0.000000,120,130,130,130,140,150,160,170,730,2300,11000,81207,0,120,118.54101247429409,58,10769,7.0
1615956656,50,custom_protocol_boto3,sagemaker_client_invoke_endpoint,369.000000,0.000000,120,130,130,130,140,150,160,170,730,2300,11000,81585,0,120,118.54114114114114,58,10769,7.0
1615956656,50,,Aggregated,369.000000,0.000000,120,130,130,130,140,150,160,170,730,2300,11000,81585,0,120,118.54114114114114,58,10769,7.0
1615956657,50,custom_protocol_boto3,sagemaker_client_invoke_endpoint,369.100000,0.000000,120,130,130,130,140,150,160,170,730,2300,11000,81962,0,120,118.5365047217003,58,10769,7.0
1615956657,50,,Aggregated,369.100000,0.000000,120,130,130,130,140,150,160,170,730,2300,11000,81962,0,120,118.5365047217003,58,10769,7.0
1615956658,50,custom_protocol_boto3,sagemaker_client_invoke_endpoint,367.000000,0.000000,120,130,130,130,140,150,160,170,720,2300,11000,82342,0,120,118.5589249714605,58,10769,7.0
1615956658,50,,Aggregated,367.000000,0.000000,120,130,130,130,140,150,160,170,720,2300,11000,82342,0,120,118.5589249714605,58,10769,7.0
1615956659,50,custom_protocol_boto3,sagemaker_client_invoke_endpoint,369.400000,0.000000,120,130,130,130,140,150,160,170,720,2300,11000,82727,0,120,118.55163368670446,58,10769,7.0
1615956659,50,,Aggregated,369.400000,0.000000,120,130,130,130,140,150,160,170,720,2300,11000,82727,0,120,118.55163368670446,58,10769,7.0
1615956660,50,custom_protocol_boto3,sagemaker_client_invoke_endpoint,371.300000,0.000000,120,130,130,130,140,150,160,170,720,2300,11000,83106,0,120,118.54933458474719,58,10769,7.0
1615956660,50,,Aggregated,371.300000,0.000000,120,130,130,130,140,150,160,170,720,2300,11000,83106,0,120,118.54933458474719,58,10769,7.0
1615956661,50,custom_protocol_boto3,sagemaker_client_invoke_endpoint,372.100000,0.000000,120,130,130,130,140,150,160,170,720,2300,11000,83483,0,120,118.55763448845873,58,10769,7.0
1615956661,50,,Aggregated,372.100000,0.000000,120,130,130,130,140,150,160,170,720,2300,11000,83483,0,120,118.55763448845873,58,10769,7.0
1615956662,50,custom_protocol_boto3,sagemaker_client_invoke_endpoint,371.100000,0.000000,120,130,130,130,140,150,160,170,720,2300,11000,83854,0,120,118.5552030910869,58,10769,7.0
1615956662,50,,Aggregated,371.100000,0.000000,120,130,130,130,140,150,160,170,720,2300,11000,83854,0,120,118.5552030910869,58,10769,7.0
1615956663,50,custom_protocol_boto3,sagemaker_client_invoke_endpoint,372.400000,0.000000,120,130,130,130,140,150,160,170,710,2300,11000,84230,0,120,118.57037872491986,57,10769,7.0
1615956663,50,,Aggregated,372.400000,0.000000,120,130,130,130,140,150,160,170,710,2300,11000,84230,0,120,118.57037872491986,57,10769,7.0
1615956664,50,custom_protocol_boto3,sagemaker_client_invoke_endpoint,371.400000,0.000000,120,130,130,130,140,150,160,170,710,2300,11000,84604,0,120,118.58630797598222,57,10769,7.0
1615956664,50,,Aggregated,371.400000,0.000000,120,130,130,130,140,150,160,170,710,2300,11000,84604,0,120,118.58630797598222,57,10769,7.0
1615956665,50,custom_protocol_boto3,sagemaker_client_invoke_endpoint,369.500000,0.000000,120,130,130,130,140,150,160,170,710,2300,11000,84986,0,120,118.57352975784246,57,10769,7.0
1615956665,50,,Aggregated,369.500000,0.000000,120,130,130,130,140,150,160,170,710,2300,11000,84986,0,120,118.57352975784246,57,10769,7.0
1615956666,50,custom_protocol_boto3,sagemaker_client_invoke_endpoint,369.500000,0.000000,120,130,130,130,140,150,160,170,710,2300,11000,85367,0,120,118.57894736842105,57,10769,7.0
1615956666,50,,Aggregated,369.500000,0.000000,120,130,130,130,140,150,160,170,710,2300,11000,85367,0,120,118.57894736842105,57,10769,7.0
1615956667,50,custom_protocol_boto3,sagemaker_client_invoke_endpoint,369.100000,0.000000,120,130,130,130,140,150,160,170,710,2300,11000,85736,0,120,118.57561584398618,57,10769,7.0
1615956667,50,,Aggregated,369.100000,0.000000,120,130,130,130,140,150,160,170,710,2300,11000,85736,0,120,118.57561584398618,57,10769,7.0
1615956668,50,custom_protocol_boto3,sagemaker_client_invoke_endpoint,370.600000,0.000000,120,130,130,130,140,150,160,170,710,2300,11000,86104,0,120,118.5948620273158,57,10769,7.0
1615956668,50,,Aggregated,370.600000,0.000000,120,130,130,130,140,150,160,170,710,2300,11000,86104,0,120,118.5948620273158,57,10769,7.0
1615956669,50,custom_protocol_boto3,sagemaker_client_invoke_endpoint,370.500000,0.000000,120,130,130,130,140,150,160,170,710,2300,11000,86485,0,120,118.58575475515985,57,10769,7.0
1615956669,50,,Aggregated,370.500000,0.000000,120,130,130,130,140,150,160,170,710,2300,11000,86485,0,120,118.58575475515985,57,10769,7.0
1615956670,50,custom_protocol_boto3,sagemaker_client_invoke_endpoint,370.500000,0.000000,120,130,130,130,140,150,160,170,720,2300,11000,86872,0,120,118.5754903766461,57,10769,7.0
1615956670,50,,Aggregated,370.500000,0.000000,120,130,130,130,140,150,160,170,720,2300,11000,86872,0,120,118.5754903766461,57,10769,7.0
1615956671,50,custom_protocol_boto3,sagemaker_client_invoke_endpoint,368.100000,0.000000,120,130,130,130,140,150,160,170,710,2300,11000,87250,0,120,118.59077363896849,57,10769,7.0
1615956671,50,,Aggregated,368.100000,0.000000,120,130,130,130,140,150,160,170,710,2300,11000,87250,0,120,118.59077363896849,57,10769,7.0
1615956672,50,custom_protocol_boto3,sagemaker_client_invoke_endpoint,368.700000,0.000000,120,130,130,130,140,150,160,170,720,2300,11000,87631,0,120,118.58583149798588,57,10769,7.0
1615956672,50,,Aggregated,368.700000,0.000000,120,130,130,130,140,150,160,170,720,2300,11000,87631,0,120,118.58583149798588,57,10769,7.0
1615956673,50,custom_protocol_boto3,sagemaker_client_invoke_endpoint,367.800000,0.000000,120,130,130,130,140,150,160,170,710,2300,11000,88016,0,120,118.57033948373024,57,10769,7.0
1615956673,50,,Aggregated,367.800000,0.000000,120,130,130,130,140,150,160,170,710,2300,11000,88016,0,120,118.57033948373024,57,10769,7.0
1615956674,50,custom_protocol_boto3,sagemaker_client_invoke_endpoint,369.700000,0.000000,120,130,130,130,140,150,160,170,720,2300,11000,88402,0,120,118.56705730639578,57,10769,7.0
1615956674,50,,Aggregated,369.700000,0.000000,120,130,130,130,140,150,160,170,720,2300,11000,88402,0,120,118.56705730639578,57,10769,7.0
1615956675,50,custom_protocol_boto3,sagemaker_client_invoke_endpoint,370.100000,0.000000,120,130,130,130,140,150,160,170,720,2300,11000,88772,0,120,118.585837876808,57,10769,7.0
1615956675,50,,Aggregated,370.100000,0.000000,120,130,130,130,140,150,160,170,720,2300,11000,88772,0,120,118.585837876808,57,10769,7.0
1615956676,50,custom_protocol_boto3,sagemaker_client_invoke_endpoint,372.500000,0.000000,120,130,130,130,140,150,160,170,710,2300,11000,89149,0,120,118.58447094190625,57,10769,7.0
1615956676,50,,Aggregated,372.500000,0.000000,120,130,130,130,140,150,160,170,710,2300,11000,89149,0,120,118.58447094190625,57,10769,7.0
1615956677,50,custom_protocol_boto3,sagemaker_client_invoke_endpoint,370.200000,0.000000,120,130,130,130,140,150,160,170,710,2300,11000,89531,0,120,118.57145569690945,57,10769,7.0
1615956677,50,,Aggregated,370.200000,0.000000,120,130,130,130,140,150,160,170,710,2300,11000,89531,0,120,118.57145569690945,57,10769,7.0
1615956678,50,custom_protocol_boto3,sagemaker_client_invoke_endpoint,370.800000,0.000000,120,130,130,130,140,150,160,170,710,2300,11000,89917,0,120,118.55391082887552,57,10769,7.0
1615956678,50,,Aggregated,370.800000,0.000000,120,130,130,130,140,150,160,170,710,2300,11000,89917,0,120,118.55391082887552,57,10769,7.0
1615956679,50,custom_protocol_boto3,sagemaker_client_invoke_endpoint,369.900000,0.000000,120,130,130,130,140,150,160,170,710,2300,11000,90306,0,120,118.56738201226939,57,10769,7.0
1615956679,50,,Aggregated,369.900000,0.000000,120,130,130,130,140,150,160,170,710,2300,11000,90306,0,120,118.56738201226939,57,10769,7.0
1615956680,50,custom_protocol_boto3,sagemaker_client_invoke_endpoint,372.000000,0.000000,120,130,130,130,140,150,160,170,710,2300,11000,90676,0,120,118.5745070360404,57,10769,7.0
1615956680,50,,Aggregated,372.000000,0.000000,120,130,130,130,140,150,160,170,710,2300,11000,90676,0,120,118.5745070360404,57,10769,7.0
1615956681,50,custom_protocol_boto3,sagemaker_client_invoke_endpoint,372.200000,0.000000,120,130,130,130,140,150,160,170,710,2300,11000,91064,0,120,118.57511200913643,57,10769,7.0
1615956681,50,,Aggregated,372.200000,0.000000,120,130,130,130,140,150,160,170,710,2300,11000,91064,0,120,118.57511200913643,57,10769,7.0
1615956682,50,custom_protocol_boto3,sagemaker_client_invoke_endpoint,374.000000,0.000000,120,130,130,130,140,150,160,170,720,2300,11000,91424,0,120,118.58635588029401,57,10769,7.0
1615956682,50,,Aggregated,374.000000,0.000000,120,130,130,130,140,150,160,170,720,2300,11000,91424,0,120,118.58635588029401,57,10769,7.0
